id_llamada,jev_motivo,jev_motivo_prob,jev_motivo_probs,jev_urgencia,jev_urgencia_score,jev_sentimiento,jev_competidor_prob,jev_reincidencia_prob,jev_latencia_s,jev_modelo
1,falla_tecnica,0.99,"{'situacion_economica': 0.0, 'traslado_cobertura': 0.0, 'precio_facturacion': 0.0, 'servicios_no_usados': 0.0, 'falla_tecnica': 1.0, 'atencion_servicio': 0.0, 'otro': 0.0, 'competencia': 0.0}",media,0.61,-0.695,0.12,0.44,0.271,jev-latest
2,servicios_no_usados,1.0,"{'atencion_servicio': 0.0, 'precio_facturacion': 0.0, 'competencia': 0.0, 'traslado_cobertura': 0.0, 'falla_tecnica': 0.0, 'otro': 0.0, 'situacion_economica': 0.0, 'servicios_no_usados': 1.0}",alta,1.76,-0.985,0.25,0.97,0.194,jev-latest
3,falla_tecnica,0.95,"{'traslado_cobertura': 0.03, 'otro': 0.01, 'falla_tecnica': 0.95, 'servicios_no_usados': 0.0, 'competencia': 0.0, 'precio_facturacion': 0.0, 'atencion_servicio': 0.01, 'situacion_economica': 0.0}",alta,1.94,-0.88,0.09,0.54,0.262,jev-latest
4,falla_tecnica,1.0,"{'traslado_cobertura': 0.0, 'precio_facturacion': 0.0, 'falla_tecnica': 1.0, 'otro': 0.0, 'atencion_servicio': 0.0, 'servicios_no_usados': 0.0, 'competencia': 0.0, 'situacion_economica': 0.0}",alta,2.0,-0.965,0.64,0.95,0.231,jev-latest
5,traslado_cobertura,0.99,"{'precio_facturacion': 0.0, 'servicios_no_usados': 0.0, 'falla_tecnica': 0.0, 'competencia': 0.0, 'traslado_cobertura': 0.99, 'atencion_servicio': 0.0, 'situacion_economica': 0.0, 'otro': 0.01}",alta,1.62,-0.52,0.27,0.28,0.246,jev-latest
6,falla_tecnica,0.99,"{'falla_tecnica': 0.99, 'otro': 0.0, 'servicios_no_usados': 0.0, 'situacion_economica': 0.0, 'precio_facturacion': 0.0, 'atencion_servicio': 0.01, 'competencia': 0.0, 'traslado_cobertura': 0.0}",alta,1.85,-0.975,0.51,0.88,0.276,jev-latest
7,otro,0.84,"{'atencion_servicio': 0.0, 'otro': 0.86, 'competencia': 0.0, 'falla_tecnica': 0.0, 'traslado_cobertura': 0.0, 'situacion_economica': 0.03, 'precio_facturacion': 0.09, 'servicios_no_usados': 0.02}",alta,1.67,-0.57,0.25,0.35,0.179,jev-latest
8,otro,0.63,"{'traslado_cobertura': 0.28, 'competencia': 0.03, 'servicios_no_usados': 0.01, 'falla_tecnica': 0.0, 'otro': 0.67, 'precio_facturacion': 0.0, 'situacion_economica': 0.0, 'atencion_servicio': 0.01}",alta,1.62,-0.23,0.55,0.16,0.215,jev-latest
9,precio_facturacion,0.67,"{'situacion_economica': 0.0, 'competencia': 0.0, 'servicios_no_usados': 0.0, 'falla_tecnica': 0.0, 'precio_facturacion': 0.72, 'traslado_cobertura': 0.0, 'otro': 0.0, 'atencion_servicio': 0.28}",alta,1.99,-0.925,0.18,0.94,0.204,jev-latest
10,falla_tecnica,0.51,"{'falla_tecnica': 0.57, 'situacion_economica': 0.01, 'otro': 0.0, 'precio_facturacion': 0.25, 'atencion_servicio': 0.11, 'competencia': 0.01, 'traslado_cobertura': 0.01, 'servicios_no_usados': 0.04}",media,1.37,-0.92,0.24,0.82,0.194,jev-latest
11,precio_facturacion,0.92,"{'situacion_economica': 0.06, 'servicios_no_usados': 0.0, 'falla_tecnica': 0.0, 'atencion_servicio': 0.0, 'traslado_cobertura': 0.0, 'precio_facturacion': 0.9400000000000001, 'competencia': 0.0, 'otro': 0.0}",media,0.63,-0.54,0.14,0.22,0.228,jev-latest
12,otro,0.99,"{'falla_tecnica': 0.0, 'otro': 0.99, 'traslado_cobertura': 0.0, 'servicios_no_usados': 0.0, 'competencia': 0.0, 'precio_facturacion': 0.01, 'atencion_servicio': 0.0, 'situacion_economica': 0.0}",baja,0.25,0.185,0.09,0.19,0.199,jev-latest
13,situacion_economica,0.87,"{'servicios_no_usados': 0.02, 'atencion_servicio': 0.03, 'situacion_economica': 0.89, 'falla_tecnica': 0.0, 'precio_facturacion': 0.05, 'otro': 0.01, 'traslado_cobertura': 0.0, 'competencia': 0.0}",alta,1.74,-0.87,0.19,0.88,0.2,jev-latest
14,traslado_cobertura,0.52,"{'situacion_economica': 0.0, 'servicios_no_usados': 0.0, 'falla_tecnica': 0.01, 'atencion_servicio': 0.09, 'traslado_cobertura': 0.58, 'precio_facturacion': 0.0, 'competencia': 0.31, 'otro': 0.01}",alta,2.0,-0.87,0.82,0.9,0.218,jev-latest
15,situacion_economica,0.85,"{'precio_facturacion': 0.07, 'situacion_economica': 0.86, 'atencion_servicio': 0.0, 'servicios_no_usados': 0.02, 'traslado_cobertura': 0.0, 'falla_tecnica': 0.05, 'otro': 0.0, 'competencia': 0.0}",media,0.81,-0.535,0.19,0.8,0.217,jev-latest
16,atencion_servicio,0.89,"{'situacion_economica': 0.0, 'falla_tecnica': 0.0, 'atencion_servicio': 0.92, 'competencia': 0.0, 'otro': 0.0, 'precio_facturacion': 0.0, 'servicios_no_usados': 0.08, 'traslado_cobertura': 0.0}",alta,1.96,-0.98,0.54,0.74,0.194,jev-latest
17,precio_facturacion,0.73,"{'falla_tecnica': 0.0, 'otro': 0.0, 'servicios_no_usados': 0.23, 'situacion_economica': 0.0, 'precio_facturacion': 0.77, 'atencion_servicio': 0.0, 'competencia': 0.0, 'traslado_cobertura': 0.0}",media,1.22,-0.925,0.15,0.48,0.21,jev-latest
18,situacion_economica,0.98,"{'situacion_economica': 0.98, 'servicios_no_usados': 0.0, 'otro': 0.0, 'traslado_cobertura': 0.0, 'atencion_servicio': 0.0, 'falla_tecnica': 0.0, 'competencia': 0.0, 'precio_facturacion': 0.02}",media,1.31,-0.625,0.08,0.59,0.216,jev-latest
19,otro,1.0,"{'competencia': 0.0, 'otro': 1.0, 'traslado_cobertura': 0.0, 'situacion_economica': 0.0, 'precio_facturacion': 0.0, 'atencion_servicio': 0.0, 'servicios_no_usados': 0.0, 'falla_tecnica': 0.0}",media,0.96,0.065,0.05,0.04,0.251,jev-latest
20,precio_facturacion,0.5,"{'falla_tecnica': 0.0, 'competencia': 0.0, 'traslado_cobertura': 0.03, 'otro': 0.0, 'situacion_economica': 0.31, 'atencion_servicio': 0.0, 'precio_facturacion': 0.5700000000000001, 'servicios_no_usados': 0.09}",media,0.92,-0.59,0.21,0.27,0.211,jev-latest
21,servicios_no_usados,0.98,"{'servicios_no_usados': 0.98, 'precio_facturacion': 0.02, 'traslado_cobertura': 0.0, 'atencion_servicio': 0.0, 'situacion_economica': 0.0, 'falla_tecnica': 0.0, 'competencia': 0.0, 'otro': 0.0}",media,1.03,-0.755,0.1,0.09,0.219,jev-latest
22,traslado_cobertura,0.71,"{'traslado_cobertura': 0.74, 'otro': 0.19, 'falla_tecnica': 0.0, 'servicios_no_usados': 0.01, 'competencia': 0.0, 'precio_facturacion': 0.0, 'atencion_servicio': 0.06, 'situacion_economica': 0.0}",alta,1.93,-0.895,0.18,0.32,0.219,jev-latest
23,falla_tecnica,0.89,"{'precio_facturacion': 0.0, 'servicios_no_usados': 0.0, 'falla_tecnica': 0.9, 'competencia': 0.0, 'traslado_cobertura': 0.01, 'atencion_servicio': 0.09, 'situacion_economica': 0.0, 'otro': 0.0}",alta,2.0,-0.905,0.26,0.96,0.317,jev-latest
24,precio_facturacion,0.97,"{'precio_facturacion': 0.97, 'situacion_economica': 0.01, 'otro': 0.0, 'falla_tecnica': 0.02, 'traslado_cobertura': 0.0, 'competencia': 0.0, 'servicios_no_usados': 0.0, 'atencion_servicio': 0.0}",media,0.62,-0.645,0.32,0.8,0.245,jev-latest
25,falla_tecnica,0.58,"{'competencia': 0.0, 'traslado_cobertura': 0.27, 'falla_tecnica': 0.63, 'servicios_no_usados': 0.08, 'otro': 0.0, 'situacion_economica': 0.0, 'atencion_servicio': 0.01, 'precio_facturacion': 0.01}",alta,1.97,-0.595,0.57,0.72,0.244,jev-latest
26,precio_facturacion,1.0,"{'falla_tecnica': 0.0, 'competencia': 0.0, 'traslado_cobertura': 0.0, 'otro': 0.0, 'situacion_economica': 0.0, 'atencion_servicio': 0.0, 'precio_facturacion': 1.0, 'servicios_no_usados': 0.0}",media,1.37,-0.89,0.1,0.93,0.219,jev-latest
27,situacion_economica,1.0,"{'situacion_economica': 1.0, 'traslado_cobertura': 0.0, 'precio_facturacion': 0.0, 'servicios_no_usados': 0.0, 'falla_tecnica': 0.0, 'atencion_servicio': 0.0, 'otro': 0.0, 'competencia': 0.0}",media,0.86,-0.585,0.06,0.43,0.183,jev-latest
28,atencion_servicio,0.44,"{'situacion_economica': 0.0, 'traslado_cobertura': 0.02, 'precio_facturacion': 0.0, 'servicios_no_usados': 0.0, 'falla_tecnica': 0.09, 'atencion_servicio': 0.52, 'otro': 0.37, 'competencia': 0.0}",alta,1.98,-0.795,0.13,0.86,0.185,jev-latest
29,otro,0.87,"{'falla_tecnica': 0.03, 'otro': 0.89, 'servicios_no_usados': 0.03, 'situacion_economica': 0.0, 'precio_facturacion': 0.02, 'atencion_servicio': 0.01, 'competencia': 0.0, 'traslado_cobertura': 0.02}",baja,0.45,-0.54,0.1,0.24,0.212,jev-latest
30,otro,1.0,"{'atencion_servicio': 0.0, 'falla_tecnica': 0.0, 'precio_facturacion': 0.0, 'servicios_no_usados': 0.0, 'otro': 1.0, 'situacion_economica': 0.0, 'traslado_cobertura': 0.0, 'competencia': 0.0}",media,0.71,-0.175,0.05,0.07,0.225,jev-latest
31,precio_facturacion,0.44,"{'precio_facturacion': 0.52, 'servicios_no_usados': 0.02, 'falla_tecnica': 0.05, 'competencia': 0.0, 'traslado_cobertura': 0.0, 'atencion_servicio': 0.18, 'situacion_economica': 0.02, 'otro': 0.21}",media,1.12,-0.83,0.09,0.46,0.185,jev-latest
32,precio_facturacion,1.0,"{'competencia': 0.0, 'situacion_economica': 0.0, 'atencion_servicio': 0.0, 'otro': 0.0, 'servicios_no_usados': 0.0, 'precio_facturacion': 1.0, 'falla_tecnica': 0.0, 'traslado_cobertura': 0.0}",alta,1.9,-0.825,0.09,0.83,0.257,jev-latest
33,otro,0.3,"{'competencia': 0.0, 'otro': 0.39, 'traslado_cobertura': 0.01, 'situacion_economica': 0.11, 'servicios_no_usados': 0.05, 'atencion_servicio': 0.28, 'precio_facturacion': 0.16, 'falla_tecnica': 0.0}",media,0.61,-0.385,0.17,0.31,0.248,jev-latest
34,otro,0.69,"{'precio_facturacion': 0.01, 'situacion_economica': 0.01, 'servicios_no_usados': 0.12, 'atencion_servicio': 0.02, 'traslado_cobertura': 0.1, 'falla_tecnica': 0.0, 'otro': 0.73, 'competencia': 0.01}",media,0.99,-0.7,0.2,0.26,0.375,jev-latest
35,precio_facturacion,0.96,"{'precio_facturacion': 0.97, 'servicios_no_usados': 0.0, 'falla_tecnica': 0.0, 'competencia': 0.02, 'traslado_cobertura': 0.0, 'atencion_servicio': 0.01, 'situacion_economica': 0.0, 'otro': 0.0}",alta,1.73,-0.905,0.9,0.41,0.196,jev-latest
36,precio_facturacion,0.51,"{'precio_facturacion': 0.57, 'servicios_no_usados': 0.01, 'falla_tecnica': 0.0, 'competencia': 0.25, 'traslado_cobertura': 0.0, 'atencion_servicio': 0.01, 'situacion_economica': 0.12, 'otro': 0.04}",alta,1.61,-0.49,0.69,0.79,0.252,jev-latest
37,servicios_no_usados,0.89,"{'competencia': 0.0, 'situacion_economica': 0.04, 'atencion_servicio': 0.0, 'otro': 0.05, 'servicios_no_usados': 0.91, 'precio_facturacion': 0.0, 'falla_tecnica': 0.0, 'traslado_cobertura': 0.0}",alta,1.75,0.145,0.11,0.15,0.21,jev-latest
38,falla_tecnica,0.98,"{'atencion_servicio': 0.02, 'precio_facturacion': 0.0, 'competencia': 0.0, 'traslado_cobertura': 0.0, 'falla_tecnica': 0.98, 'otro': 0.0, 'situacion_economica': 0.0, 'servicios_no_usados': 0.0}",alta,1.9,-0.915,0.23,0.94,0.204,jev-latest
39,competencia,0.96,"{'otro': 0.02, 'precio_facturacion': 0.0, 'falla_tecnica': 0.0, 'atencion_servicio': 0.0, 'traslado_cobertura': 0.01, 'situacion_economica': 0.0, 'competencia': 0.97, 'servicios_no_usados': 0.0}",alta,1.99,-0.435,0.83,0.28,0.201,jev-latest
40,traslado_cobertura,0.76,"{'falla_tecnica': 0.0, 'precio_facturacion': 0.0, 'otro': 0.2, 'traslado_cobertura': 0.8, 'servicios_no_usados': 0.0, 'atencion_servicio': 0.0, 'competencia': 0.0, 'situacion_economica': 0.0}",alta,1.85,-0.465,0.8,0.1,0.23,jev-latest
41,otro,0.33,"{'servicios_no_usados': 0.29, 'traslado_cobertura': 0.23, 'precio_facturacion': 0.03, 'atencion_servicio': 0.01, 'situacion_economica': 0.01, 'falla_tecnica': 0.01, 'competencia': 0.0, 'otro': 0.42}",media,1.38,0.54,0.16,0.26,0.215,jev-latest
42,situacion_economica,0.83,"{'competencia': 0.0, 'otro': 0.0, 'traslado_cobertura': 0.0, 'situacion_economica': 0.85, 'servicios_no_usados': 0.03, 'atencion_servicio': 0.0, 'precio_facturacion': 0.12, 'falla_tecnica': 0.0}",media,1.23,-0.715,0.14,0.14,0.276,jev-latest
43,otro,0.98,"{'traslado_cobertura': 0.0, 'otro': 0.99, 'falla_tecnica': 0.0, 'servicios_no_usados': 0.0, 'competencia': 0.0, 'precio_facturacion': 0.0, 'atencion_servicio': 0.01, 'situacion_economica': 0.0}",alta,1.83,-0.735,0.19,0.29,0.241,jev-latest
44,competencia,0.42,"{'competencia': 0.49, 'traslado_cobertura': 0.1, 'servicios_no_usados': 0.28, 'falla_tecnica': 0.0, 'otro': 0.02, 'situacion_economica': 0.0, 'atencion_servicio': 0.01, 'precio_facturacion': 0.1}",alta,1.67,-0.715,0.71,0.21,0.214,jev-latest
45,otro,0.51,"{'traslado_cobertura': 0.0, 'otro': 0.58, 'falla_tecnica': 0.0, 'servicios_no_usados': 0.0, 'competencia': 0.01, 'precio_facturacion': 0.41, 'atencion_servicio': 0.0, 'situacion_economica': 0.0}",baja,0.39,-0.415,0.19,0.18,0.215,jev-latest
46,otro,0.83,"{'competencia': 0.02, 'otro': 0.86, 'traslado_cobertura': 0.0, 'situacion_economica': 0.01, 'servicios_no_usados': 0.01, 'atencion_servicio': 0.0, 'precio_facturacion': 0.1, 'falla_tecnica': 0.0}",media,1.37,-0.335,0.16,0.27,0.232,jev-latest
47,traslado_cobertura,0.86,"{'competencia': 0.0, 'otro': 0.0, 'traslado_cobertura': 0.88, 'situacion_economica': 0.0, 'precio_facturacion': 0.0, 'atencion_servicio': 0.12, 'servicios_no_usados': 0.0, 'falla_tecnica': 0.0}",baja,0.41,-0.5,0.05,0.47,0.266,jev-latest
48,otro,1.0,"{'servicios_no_usados': 0.0, 'traslado_cobertura': 0.0, 'precio_facturacion': 0.0, 'falla_tecnica': 0.0, 'situacion_economica': 0.0, 'atencion_servicio': 0.0, 'competencia': 0.0, 'otro': 1.0}",baja,0.1,-0.02,0.09,0.32,0.185,jev-latest
49,traslado_cobertura,0.88,"{'otro': 0.07, 'situacion_economica': 0.0, 'competencia': 0.0, 'atencion_servicio': 0.0, 'precio_facturacion': 0.01, 'traslado_cobertura': 0.9, 'falla_tecnica': 0.0, 'servicios_no_usados': 0.02}",alta,1.96,-0.16,0.35,0.87,0.209,jev-latest
50,otro,0.54,"{'falla_tecnica': 0.05, 'competencia': 0.0, 'traslado_cobertura': 0.0, 'servicios_no_usados': 0.06, 'otro': 0.6, 'atencion_servicio': 0.0, 'precio_facturacion': 0.22, 'situacion_economica': 0.07}",media,1.08,-0.07,0.31,0.41,0.223,jev-latest
51,atencion_servicio,0.28,"{'falla_tecnica': 0.0, 'otro': 0.01, 'servicios_no_usados': 0.29, 'situacion_economica': 0.0, 'precio_facturacion': 0.33, 'atencion_servicio': 0.36, 'competencia': 0.01, 'traslado_cobertura': 0.0}",alta,1.99,-0.905,0.27,0.86,0.213,jev-latest
52,competencia,0.6,"{'precio_facturacion': 0.32, 'servicios_no_usados': 0.0, 'falla_tecnica': 0.0, 'competencia': 0.65, 'traslado_cobertura': 0.0, 'atencion_servicio': 0.02, 'situacion_economica': 0.0, 'otro': 0.01}",alta,1.65,-0.445,0.8,0.86,0.215,jev-latest
53,otro,0.49,"{'servicios_no_usados': 0.02, 'precio_facturacion': 0.01, 'traslado_cobertura': 0.14, 'atencion_servicio': 0.18, 'situacion_economica': 0.0, 'falla_tecnica': 0.08, 'competencia': 0.0, 'otro': 0.56}",alta,1.64,-0.79,0.23,0.76,0.203,jev-latest
54,atencion_servicio,0.64,"{'situacion_economica': 0.0, 'servicios_no_usados': 0.0, 'falla_tecnica': 0.06, 'atencion_servicio': 0.68, 'traslado_cobertura': 0.22, 'precio_facturacion': 0.0, 'competencia': 0.01, 'otro': 0.02}",alta,1.96,-0.975,0.19,0.76,0.205,jev-latest
55,otro,0.92,"{'otro': 0.93, 'traslado_cobertura': 0.0, 'precio_facturacion': 0.02, 'atencion_servicio': 0.0, 'competencia': 0.0, 'situacion_economica': 0.04, 'falla_tecnica': 0.0, 'servicios_no_usados': 0.0}",media,1.15,-0.07,0.15,0.18,0.219,jev-latest
56,atencion_servicio,0.45,"{'situacion_economica': 0.01, 'precio_facturacion': 0.12, 'falla_tecnica': 0.02, 'otro': 0.24, 'traslado_cobertura': 0.0, 'competencia': 0.06, 'atencion_servicio': 0.52, 'servicios_no_usados': 0.03}",alta,1.51,-0.76,0.26,0.73,0.208,jev-latest
57,servicios_no_usados,0.87,"{'precio_facturacion': 0.1, 'servicios_no_usados': 0.9, 'falla_tecnica': 0.0, 'competencia': 0.0, 'traslado_cobertura': 0.0, 'atencion_servicio': 0.0, 'situacion_economica': 0.0, 'otro': 0.0}",alta,1.74,-0.76,0.07,0.15,0.267,jev-latest
58,traslado_cobertura,0.6,"{'precio_facturacion': 0.0, 'servicios_no_usados': 0.03, 'falla_tecnica': 0.0, 'competencia': 0.01, 'traslado_cobertura': 0.66, 'atencion_servicio': 0.0, 'situacion_economica': 0.0, 'otro': 0.3}",alta,1.85,-0.095,0.49,0.44,0.209,jev-latest
59,precio_facturacion,0.91,"{'otro': 0.0, 'traslado_cobertura': 0.0, 'competencia': 0.0, 'atencion_servicio': 0.0, 'precio_facturacion': 0.93, 'situacion_economica': 0.07, 'falla_tecnica': 0.0, 'servicios_no_usados': 0.0}",media,1.3,-0.75,0.35,0.79,0.241,jev-latest
60,precio_facturacion,1.0,"{'situacion_economica': 0.0, 'precio_facturacion': 1.0, 'falla_tecnica': 0.0, 'otro': 0.0, 'atencion_servicio': 0.0, 'servicios_no_usados': 0.0, 'competencia': 0.0, 'traslado_cobertura': 0.0}",alta,1.58,-0.94,0.14,0.27,0.21,jev-latest
61,precio_facturacion,0.87,"{'precio_facturacion': 0.9, 'situacion_economica': 0.0, 'servicios_no_usados': 0.08, 'atencion_servicio': 0.02, 'traslado_cobertura': 0.0, 'falla_tecnica': 0.0, 'otro': 0.0, 'competencia': 0.0}",media,0.9,-0.805,0.09,0.87,0.282,jev-latest
62,otro,0.53,"{'situacion_economica': 0.01, 'falla_tecnica': 0.0, 'atencion_servicio': 0.01, 'competencia': 0.0, 'otro': 0.59, 'precio_facturacion': 0.31, 'servicios_no_usados': 0.06, 'traslado_cobertura': 0.02}",media,0.87,0.275,0.11,0.22,0.231,jev-latest
63,servicios_no_usados,0.47,"{'falla_tecnica': 0.42, 'otro': 0.0, 'servicios_no_usados': 0.55, 'situacion_economica': 0.0, 'precio_facturacion': 0.02, 'atencion_servicio': 0.01, 'competencia': 0.0, 'traslado_cobertura': 0.0}",alta,1.84,-0.975,0.11,0.97,0.226,jev-latest
64,competencia,0.81,"{'precio_facturacion': 0.0, 'falla_tecnica': 0.0, 'otro': 0.04, 'traslado_cobertura': 0.07, 'servicios_no_usados': 0.04, 'atencion_servicio': 0.0, 'competencia': 0.85, 'situacion_economica': 0.0}",alta,1.99,0.09,0.82,0.07,0.197,jev-latest
65,otro,0.45,"{'traslado_cobertura': 0.0, 'competencia': 0.03, 'servicios_no_usados': 0.01, 'falla_tecnica': 0.0, 'otro': 0.53, 'precio_facturacion': 0.39, 'situacion_economica': 0.01, 'atencion_servicio': 0.03}",media,1.14,-0.335,0.19,0.49,0.192,jev-latest
66,otro,0.97,"{'precio_facturacion': 0.0, 'servicios_no_usados': 0.0, 'falla_tecnica': 0.0, 'competencia': 0.0, 'traslado_cobertura': 0.0, 'atencion_servicio': 0.02, 'situacion_economica': 0.0, 'otro': 0.98}",baja,0.22,-0.58,0.18,0.35,0.205,jev-latest
67,traslado_cobertura,0.71,"{'competencia': 0.01, 'situacion_economica': 0.0, 'atencion_servicio': 0.11, 'otro': 0.13, 'servicios_no_usados': 0.0, 'precio_facturacion': 0.0, 'falla_tecnica': 0.0, 'traslado_cobertura': 0.75}",alta,1.86,-0.56,0.41,0.26,0.192,jev-latest
68,falla_tecnica,0.79,"{'situacion_economica': 0.01, 'servicios_no_usados': 0.01, 'otro': 0.02, 'traslado_cobertura': 0.01, 'atencion_servicio': 0.0, 'falla_tecnica': 0.81, 'competencia': 0.1, 'precio_facturacion': 0.04}",media,1.48,0.445,0.49,0.83,0.202,jev-latest
69,traslado_cobertura,0.89,"{'servicios_no_usados': 0.0, 'traslado_cobertura': 0.9, 'precio_facturacion': 0.0, 'atencion_servicio': 0.1, 'situacion_economica': 0.0, 'falla_tecnica': 0.0, 'competencia': 0.0, 'otro': 0.0}",alta,1.97,-0.79,0.13,0.88,0.213,jev-latest
70,servicios_no_usados,0.84,"{'otro': 0.01, 'servicios_no_usados': 0.87, 'falla_tecnica': 0.0, 'precio_facturacion': 0.01, 'situacion_economica': 0.01, 'atencion_servicio': 0.0, 'competencia': 0.1, 'traslado_cobertura': 0.0}",baja,0.45,0.72,0.07,0.27,0.207,jev-latest
71,otro,0.99,"{'atencion_servicio': 0.0, 'falla_tecnica': 0.0, 'traslado_cobertura': 0.0, 'otro': 0.99, 'precio_facturacion': 0.0, 'servicios_no_usados': 0.01, 'competencia': 0.0, 'situacion_economica': 0.0}",baja,0.06,-0.08,0.11,0.1,0.21,jev-latest
72,otro,0.93,"{'falla_tecnica': 0.05, 'atencion_servicio': 0.01, 'servicios_no_usados': 0.0, 'traslado_cobertura': 0.0, 'precio_facturacion': 0.0, 'competencia': 0.0, 'otro': 0.94, 'situacion_economica': 0.0}",alta,1.89,-0.585,0.06,0.76,0.232,jev-latest
73,situacion_economica,0.95,"{'traslado_cobertura': 0.0, 'otro': 0.0, 'competencia': 0.0, 'atencion_servicio': 0.0, 'precio_facturacion': 0.01, 'situacion_economica': 0.96, 'falla_tecnica': 0.0, 'servicios_no_usados': 0.03}",alta,1.81,-0.865,0.17,0.19,0.221,jev-latest
74,servicios_no_usados,0.89,"{'situacion_economica': 0.02, 'traslado_cobertura': 0.0, 'precio_facturacion': 0.060000000000000005, 'servicios_no_usados': 0.91, 'falla_tecnica': 0.01, 'atencion_servicio': 0.0, 'otro': 0.0, 'competencia': 0.0}",media,0.55,-0.64,0.11,0.21,0.207,jev-latest
75,otro,1.0,"{'atencion_servicio': 0.0, 'falla_tecnica': 0.0, 'traslado_cobertura': 0.0, 'otro': 1.0, 'precio_facturacion': 0.0, 'servicios_no_usados': 0.0, 'competencia': 0.0, 'situacion_economica': 0.0}",baja,0.07,-0.11,0.18,0.38,0.214,jev-latest
76,competencia,0.3,"{'traslado_cobertura': 0.0, 'atencion_servicio': 0.0, 'servicios_no_usados': 0.31, 'precio_facturacion': 0.25, 'falla_tecnica': 0.0, 'situacion_economica': 0.04, 'otro': 0.0, 'competencia': 0.4}",media,0.94,-0.225,0.73,0.11,0.189,jev-latest
77,traslado_cobertura,0.98,"{'otro': 0.0, 'precio_facturacion': 0.0, 'falla_tecnica': 0.0, 'atencion_servicio': 0.0, 'traslado_cobertura': 0.98, 'situacion_economica': 0.0, 'competencia': 0.01, 'servicios_no_usados': 0.01}",alta,1.93,-0.875,0.4,0.24,0.287,jev-latest
78,otro,0.8,"{'falla_tecnica': 0.0, 'competencia': 0.0, 'traslado_cobertura': 0.0, 'situacion_economica': 0.02, 'servicios_no_usados': 0.02, 'atencion_servicio': 0.1, 'precio_facturacion': 0.03, 'otro': 0.83}",media,1.01,-0.68,0.14,0.22,0.185,jev-latest
79,otro,0.83,"{'traslado_cobertura': 0.06, 'precio_facturacion': 0.0, 'servicios_no_usados': 0.01, 'atencion_servicio': 0.02, 'competencia': 0.05, 'situacion_economica': 0.0, 'falla_tecnica': 0.0, 'otro': 0.86}",media,0.65,-0.535,0.16,0.43,0.205,jev-latest
80,falla_tecnica,0.96,"{'servicios_no_usados': 0.01, 'precio_facturacion': 0.0, 'competencia': 0.02, 'falla_tecnica': 0.96, 'traslado_cobertura': 0.0, 'atencion_servicio': 0.01, 'situacion_economica': 0.0, 'otro': 0.0}",media,1.38,-0.755,0.62,0.77,0.24,jev-latest
81,otro,0.91,"{'precio_facturacion': 0.0, 'servicios_no_usados': 0.0, 'falla_tecnica': 0.0, 'competencia': 0.0, 'traslado_cobertura': 0.01, 'atencion_servicio': 0.06, 'situacion_economica': 0.0, 'otro': 0.93}",media,0.64,-0.005,0.16,0.27,0.189,jev-latest
82,otro,0.41,"{'servicios_no_usados': 0.0, 'competencia': 0.1, 'traslado_cobertura': 0.01, 'otro': 0.5, 'atencion_servicio': 0.37, 'falla_tecnica': 0.02, 'situacion_economica': 0.0, 'precio_facturacion': 0.0}",alta,1.5,-0.685,0.68,0.68,0.188,jev-latest
83,otro,0.7,"{'servicios_no_usados': 0.02, 'precio_facturacion': 0.02, 'competencia': 0.0, 'falla_tecnica': 0.11, 'traslado_cobertura': 0.01, 'atencion_servicio': 0.09, 'situacion_economica': 0.0, 'otro': 0.75}",alta,1.95,-0.87,0.29,0.31,0.196,jev-latest
84,otro,0.98,"{'traslado_cobertura': 0.01, 'atencion_servicio': 0.0, 'servicios_no_usados': 0.0, 'otro': 0.99, 'falla_tecnica': 0.0, 'competencia': 0.0, 'situacion_economica': 0.0, 'precio_facturacion': 0.0}",media,0.82,-0.74,0.1,0.4,0.195,jev-latest
85,precio_facturacion,0.97,"{'falla_tecnica': 0.0, 'precio_facturacion': 0.98, 'otro': 0.0, 'traslado_cobertura': 0.0, 'atencion_servicio': 0.0, 'servicios_no_usados': 0.0, 'competencia': 0.0, 'situacion_economica': 0.02}",media,0.98,-0.52,0.17,0.51,0.226,jev-latest
86,otro,1.0,"{'falla_tecnica': 0.0, 'atencion_servicio': 0.0, 'servicios_no_usados': 0.0, 'traslado_cobertura': 0.0, 'precio_facturacion': 0.0, 'competencia': 0.0, 'otro': 1.0, 'situacion_economica': 0.0}",baja,0.06,-0.07,0.18,0.15,0.191,jev-latest
87,falla_tecnica,0.82,"{'precio_facturacion': 0.0, 'servicios_no_usados': 0.0, 'falla_tecnica': 0.85, 'competencia': 0.01, 'traslado_cobertura': 0.0, 'atencion_servicio': 0.11, 'situacion_economica': 0.0, 'otro': 0.03}",media,1.43,-0.695,0.44,0.61,0.207,jev-latest
88,otro,0.87,"{'traslado_cobertura': 0.01, 'precio_facturacion': 0.01, 'servicios_no_usados': 0.0, 'atencion_servicio': 0.07, 'situacion_economica': 0.0, 'competencia': 0.02, 'falla_tecnica': 0.01, 'otro': 0.88}",media,1.26,-0.43,0.24,0.21,0.295,jev-latest
89,otro,1.0,"{'servicios_no_usados': 0.0, 'competencia': 0.0, 'traslado_cobertura': 0.0, 'otro': 1.0, 'atencion_servicio': 0.0, 'falla_tecnica': 0.0, 'situacion_economica': 0.0, 'precio_facturacion': 0.0}",baja,0.05,0.12,0.16,0.06,0.184,jev-latest
90,falla_tecnica,0.7,"{'atencion_servicio': 0.26, 'precio_facturacion': 0.0, 'competencia': 0.0, 'traslado_cobertura': 0.0, 'falla_tecnica': 0.74, 'otro': 0.0, 'situacion_economica': 0.0, 'servicios_no_usados': 0.0}",alta,1.96,-1.0,0.71,0.92,0.195,jev-latest
91,situacion_economica,0.86,"{'competencia': 0.0, 'otro': 0.0, 'traslado_cobertura': 0.0, 'situacion_economica': 0.88, 'precio_facturacion': 0.12, 'atencion_servicio': 0.0, 'servicios_no_usados': 0.0, 'falla_tecnica': 0.0}",alta,1.69,-0.84,0.21,0.91,0.233,jev-latest
92,competencia,0.34,"{'precio_facturacion': 0.29, 'situacion_economica': 0.22, 'servicios_no_usados': 0.01, 'atencion_servicio': 0.0, 'traslado_cobertura': 0.0, 'falla_tecnica': 0.05, 'otro': 0.0, 'competencia': 0.43}",alta,1.86,-0.735,0.91,0.49,0.198,jev-latest
93,otro,1.0,"{'servicios_no_usados': 0.0, 'precio_facturacion': 0.0, 'competencia': 0.0, 'falla_tecnica': 0.0, 'traslado_cobertura': 0.0, 'atencion_servicio': 0.0, 'situacion_economica': 0.0, 'otro': 1.0}",media,0.97,-0.13,0.09,0.06,0.194,jev-latest
94,servicios_no_usados,0.91,"{'atencion_servicio': 0.06, 'falla_tecnica': 0.0, 'precio_facturacion': 0.0, 'servicios_no_usados': 0.93, 'otro': 0.0, 'situacion_economica': 0.0, 'traslado_cobertura': 0.01, 'competencia': 0.0}",alta,1.98,-0.78,0.17,0.79,0.195,jev-latest
95,servicios_no_usados,0.77,"{'falla_tecnica': 0.0, 'competencia': 0.0, 'traslado_cobertura': 0.0, 'situacion_economica': 0.0, 'servicios_no_usados': 0.81, 'atencion_servicio': 0.0, 'precio_facturacion': 0.19, 'otro': 0.0}",media,0.86,-0.78,0.25,0.44,0.226,jev-latest
96,precio_facturacion,0.93,"{'atencion_servicio': 0.06, 'competencia': 0.0, 'situacion_economica': 0.0, 'traslado_cobertura': 0.0, 'falla_tecnica': 0.0, 'precio_facturacion': 0.9400000000000001, 'servicios_no_usados': 0.0, 'otro': 0.0}",alta,1.89,-1.0,0.31,0.82,0.27,jev-latest
97,servicios_no_usados,0.6,"{'situacion_economica': 0.01, 'servicios_no_usados': 0.66, 'falla_tecnica': 0.02, 'atencion_servicio': 0.03, 'traslado_cobertura': 0.26, 'precio_facturacion': 0.02, 'competencia': 0.0, 'otro': 0.0}",alta,2.0,-0.975,0.11,0.94,0.228,jev-latest
98,servicios_no_usados,0.35,"{'situacion_economica': 0.03, 'precio_facturacion': 0.11, 'falla_tecnica': 0.01, 'otro': 0.12, 'servicios_no_usados': 0.44, 'atencion_servicio': 0.28, 'competencia': 0.0, 'traslado_cobertura': 0.01}",media,1.19,-0.85,0.07,0.55,0.212,jev-latest
99,precio_facturacion,0.81,"{'falla_tecnica': 0.0, 'situacion_economica': 0.12, 'competencia': 0.01, 'atencion_servicio': 0.0, 'precio_facturacion': 0.84, 'otro': 0.01, 'traslado_cobertura': 0.0, 'servicios_no_usados': 0.02}",media,1.19,-0.565,0.33,0.38,0.19,jev-latest
100,situacion_economica,0.46,"{'servicios_no_usados': 0.12, 'competencia': 0.01, 'traslado_cobertura': 0.0, 'otro': 0.08, 'atencion_servicio': 0.0, 'falla_tecnica': 0.0, 'situacion_economica': 0.52, 'precio_facturacion': 0.27}",media,1.21,0.165,0.13,0.14,0.21,jev-latest
101,otro,1.0,"{'traslado_cobertura': 0.0, 'otro': 1.0, 'falla_tecnica': 0.0, 'servicios_no_usados': 0.0, 'competencia': 0.0, 'precio_facturacion': 0.0, 'atencion_servicio': 0.0, 'situacion_economica': 0.0}",media,1.16,-0.555,0.1,0.16,0.244,jev-latest
102,atencion_servicio,0.46,"{'situacion_economica': 0.0, 'falla_tecnica': 0.0, 'atencion_servicio': 0.53, 'competencia': 0.0, 'otro': 0.0, 'precio_facturacion': 0.0, 'servicios_no_usados': 0.0, 'traslado_cobertura': 0.47}",alta,1.99,-0.98,0.17,0.92,0.282,jev-latest
103,situacion_economica,0.42,"{'traslado_cobertura': 0.12, 'atencion_servicio': 0.2, 'servicios_no_usados': 0.0, 'situacion_economica': 0.5, 'competencia': 0.02, 'precio_facturacion': 0.15, 'falla_tecnica': 0.0, 'otro': 0.01}",alta,1.95,-0.99,0.55,0.94,0.397,jev-latest
104,precio_facturacion,1.0,"{'atencion_servicio': 0.0, 'competencia': 0.0, 'situacion_economica': 0.0, 'servicios_no_usados': 0.0, 'otro': 0.0, 'precio_facturacion': 1.0, 'traslado_cobertura': 0.0, 'falla_tecnica': 0.0}",media,1.3,-0.89,0.13,0.38,0.189,jev-latest
105,situacion_economica,0.99,"{'atencion_servicio': 0.0, 'falla_tecnica': 0.0, 'traslado_cobertura': 0.0, 'otro': 0.0, 'precio_facturacion': 0.0, 'servicios_no_usados': 0.0, 'competencia': 0.0, 'situacion_economica': 1.0}",alta,1.94,-0.68,0.11,0.3,0.243,jev-latest
106,precio_facturacion,0.99,"{'precio_facturacion': 0.99, 'servicios_no_usados': 0.0, 'falla_tecnica': 0.0, 'competencia': 0.0, 'traslado_cobertura': 0.0, 'atencion_servicio': 0.01, 'situacion_economica': 0.0, 'otro': 0.0}",alta,1.68,-0.99,0.17,0.81,0.214,jev-latest
107,otro,0.67,"{'atencion_servicio': 0.02, 'falla_tecnica': 0.0, 'traslado_cobertura': 0.01, 'otro': 0.71, 'precio_facturacion': 0.1, 'servicios_no_usados': 0.15, 'competencia': 0.0, 'situacion_economica': 0.01}",alta,1.92,-0.145,0.13,0.36,0.211,jev-latest
108,otro,0.92,"{'falla_tecnica': 0.0, 'situacion_economica': 0.0, 'otro': 0.93, 'precio_facturacion': 0.0, 'atencion_servicio': 0.0, 'competencia': 0.0, 'traslado_cobertura': 0.0, 'servicios_no_usados': 0.07}",baja,0.46,0.3,0.15,0.11,0.257,jev-latest
109,otro,0.77,"{'precio_facturacion': 0.08, 'servicios_no_usados': 0.0, 'falla_tecnica': 0.07, 'competencia': 0.0, 'traslado_cobertura': 0.0, 'atencion_servicio': 0.02, 'situacion_economica': 0.02, 'otro': 0.8}",media,1.09,-0.485,0.13,0.17,0.222,jev-latest
110,traslado_cobertura,0.65,"{'otro': 0.04, 'competencia': 0.0, 'servicios_no_usados': 0.0, 'falla_tecnica': 0.0, 'precio_facturacion': 0.0, 'traslado_cobertura': 0.7, 'situacion_economica': 0.0, 'atencion_servicio': 0.26}",alta,2.0,-0.765,0.33,0.95,0.234,jev-latest
111,precio_facturacion,0.95,"{'situacion_economica': 0.0, 'precio_facturacion': 0.96, 'falla_tecnica': 0.0, 'otro': 0.01, 'traslado_cobertura': 0.0, 'competencia': 0.01, 'servicios_no_usados': 0.02, 'atencion_servicio': 0.0}",media,1.13,-0.495,0.4,0.15,0.239,jev-latest
112,otro,1.0,"{'servicios_no_usados': 0.0, 'precio_facturacion': 0.0, 'traslado_cobertura': 0.0, 'falla_tecnica': 0.0, 'situacion_economica': 0.0, 'atencion_servicio': 0.0, 'competencia': 0.0, 'otro': 1.0}",media,1.2,-0.06,0.15,0.07,0.208,jev-latest
113,traslado_cobertura,0.39,"{'traslado_cobertura': 0.47, 'precio_facturacion': 0.0, 'situacion_economica': 0.0, 'competencia': 0.13, 'servicios_no_usados': 0.0, 'atencion_servicio': 0.11, 'falla_tecnica': 0.29, 'otro': 0.0}",alta,1.99,-0.845,0.87,0.85,0.225,jev-latest
114,traslado_cobertura,0.45,"{'atencion_servicio': 0.0, 'otro': 0.0, 'situacion_economica': 0.0, 'falla_tecnica': 0.0, 'traslado_cobertura': 0.52, 'competencia': 0.0, 'precio_facturacion': 0.0, 'servicios_no_usados': 0.48}",alta,1.98,-0.225,0.08,0.11,0.224,jev-latest
115,falla_tecnica,0.57,"{'falla_tecnica': 0.61, 'situacion_economica': 0.01, 'competencia': 0.01, 'atencion_servicio': 0.01, 'otro': 0.26, 'precio_facturacion': 0.04, 'traslado_cobertura': 0.01, 'servicios_no_usados': 0.05}",media,0.65,-0.51,0.2,0.44,0.271,jev-latest
116,falla_tecnica,0.97,"{'situacion_economica': 0.0, 'servicios_no_usados': 0.0, 'otro': 0.0, 'traslado_cobertura': 0.0, 'atencion_servicio': 0.0, 'precio_facturacion': 0.0, 'competencia': 0.01, 'falla_tecnica': 0.99}",alta,1.63,-0.885,0.6,0.8,0.237,jev-latest
117,otro,1.0,"{'servicios_no_usados': 0.0, 'atencion_servicio': 0.0, 'situacion_economica': 0.0, 'falla_tecnica': 0.0, 'traslado_cobertura': 0.0, 'otro': 1.0, 'precio_facturacion': 0.0, 'competencia': 0.0}",baja,0.15,0.36,0.06,0.05,0.246,jev-latest
118,otro,0.46,"{'competencia': 0.01, 'traslado_cobertura': 0.27, 'falla_tecnica': 0.0, 'servicios_no_usados': 0.19, 'situacion_economica': 0.01, 'otro': 0.52, 'atencion_servicio': 0.0, 'precio_facturacion': 0.0}",media,1.04,0.015,0.75,0.22,0.206,jev-latest
119,precio_facturacion,0.55,"{'atencion_servicio': 0.0, 'otro': 0.0, 'competencia': 0.0, 'falla_tecnica': 0.0, 'traslado_cobertura': 0.0, 'situacion_economica': 0.0, 'precio_facturacion': 0.61, 'servicios_no_usados': 0.39}",media,0.69,-0.4,0.08,0.29,0.195,jev-latest
120,competencia,0.9,"{'otro': 0.02, 'precio_facturacion': 0.01, 'falla_tecnica': 0.03, 'atencion_servicio': 0.01, 'traslado_cobertura': 0.01, 'situacion_economica': 0.0, 'competencia': 0.91, 'servicios_no_usados': 0.01}",media,0.55,-0.4,0.62,0.39,0.22,jev-latest
121,servicios_no_usados,0.83,"{'traslado_cobertura': 0.0, 'competencia': 0.0, 'servicios_no_usados': 0.84, 'falla_tecnica': 0.0, 'otro': 0.0, 'precio_facturacion': 0.14, 'situacion_economica': 0.01, 'atencion_servicio': 0.01}",baja,0.26,-0.83,0.08,0.76,0.298,jev-latest
122,precio_facturacion,0.7,"{'traslado_cobertura': 0.0, 'atencion_servicio': 0.0, 'servicios_no_usados': 0.0, 'competencia': 0.0, 'situacion_economica': 0.26, 'precio_facturacion': 0.74, 'falla_tecnica': 0.0, 'otro': 0.0}",media,0.83,0.275,0.09,0.11,0.233,jev-latest
123,precio_facturacion,0.34,"{'falla_tecnica': 0.0, 'otro': 0.11, 'servicios_no_usados': 0.02, 'situacion_economica': 0.08, 'precio_facturacion': 0.42, 'atencion_servicio': 0.0, 'competencia': 0.37, 'traslado_cobertura': 0.0}",media,1.14,0.035,0.68,0.2,0.225,jev-latest
124,otro,0.57,"{'situacion_economica': 0.0, 'servicios_no_usados': 0.01, 'otro': 0.63, 'traslado_cobertura': 0.05, 'atencion_servicio': 0.19, 'falla_tecnica': 0.12, 'competencia': 0.0, 'precio_facturacion': 0.0}",media,1.3,-0.63,0.3,0.23,0.261,jev-latest
125,otro,1.0,"{'precio_facturacion': 0.0, 'servicios_no_usados': 0.0, 'falla_tecnica': 0.0, 'competencia': 0.0, 'traslado_cobertura': 0.0, 'atencion_servicio': 0.0, 'situacion_economica': 0.0, 'otro': 1.0}",baja,0.03,-0.45,0.13,0.09,0.285,jev-latest
126,traslado_cobertura,0.48,"{'precio_facturacion': 0.01, 'servicios_no_usados': 0.32, 'falla_tecnica': 0.0, 'competencia': 0.0, 'traslado_cobertura': 0.55, 'atencion_servicio': 0.01, 'situacion_economica': 0.02, 'otro': 0.09}",alta,1.77,-0.935,0.47,0.86,0.2,jev-latest
127,otro,1.0,"{'atencion_servicio': 0.0, 'falla_tecnica': 0.0, 'traslado_cobertura': 0.0, 'otro': 1.0, 'precio_facturacion': 0.0, 'servicios_no_usados': 0.0, 'competencia': 0.0, 'situacion_economica': 0.0}",baja,0.38,0.11,0.21,0.1,0.265,jev-latest
128,atencion_servicio,0.7,"{'atencion_servicio': 0.74, 'falla_tecnica': 0.1, 'precio_facturacion': 0.0, 'servicios_no_usados': 0.0, 'otro': 0.07, 'situacion_economica': 0.0, 'traslado_cobertura': 0.08, 'competencia': 0.01}",alta,1.95,-0.65,0.17,0.72,0.208,jev-latest
129,situacion_economica,1.0,"{'situacion_economica': 1.0, 'traslado_cobertura': 0.0, 'precio_facturacion': 0.0, 'servicios_no_usados': 0.0, 'falla_tecnica': 0.0, 'atencion_servicio': 0.0, 'otro': 0.0, 'competencia': 0.0}",alta,1.97,-0.18,0.23,0.72,0.196,jev-latest
130,precio_facturacion,0.79,"{'falla_tecnica': 0.0, 'otro': 0.0, 'servicios_no_usados': 0.0, 'situacion_economica': 0.0, 'precio_facturacion': 0.81, 'atencion_servicio': 0.16, 'competencia': 0.0, 'traslado_cobertura': 0.02}",alta,1.96,-0.965,0.19,0.55,0.231,jev-latest
131,situacion_economica,0.5,"{'situacion_economica': 0.57, 'falla_tecnica': 0.03, 'atencion_servicio': 0.01, 'competencia': 0.0, 'otro': 0.0, 'precio_facturacion': 0.38, 'servicios_no_usados': 0.01, 'traslado_cobertura': 0.0}",media,0.81,-0.755,0.09,0.67,0.307,jev-latest
132,atencion_servicio,0.2,"{'traslado_cobertura': 0.06, 'precio_facturacion': 0.24, 'falla_tecnica': 0.06, 'otro': 0.24, 'atencion_servicio': 0.3, 'servicios_no_usados': 0.02, 'competencia': 0.01, 'situacion_economica': 0.07}",alta,1.55,-0.805,0.14,0.47,0.234,jev-latest
133,precio_facturacion,0.59,"{'falla_tecnica': 0.23, 'otro': 0.01, 'traslado_cobertura': 0.01, 'servicios_no_usados': 0.0, 'competencia': 0.01, 'precio_facturacion': 0.65, 'atencion_servicio': 0.08, 'situacion_economica': 0.01}",media,1.23,-0.855,0.46,0.68,0.219,jev-latest
134,situacion_economica,0.47,"{'precio_facturacion': 0.26, 'situacion_economica': 0.54, 'servicios_no_usados': 0.03, 'atencion_servicio': 0.0, 'traslado_cobertura': 0.0, 'falla_tecnica': 0.01, 'otro': 0.15, 'competencia': 0.01}",media,1.12,-0.005,0.45,0.2,0.202,jev-latest
135,falla_tecnica,0.51,"{'atencion_servicio': 0.42, 'falla_tecnica': 0.58, 'precio_facturacion': 0.0, 'servicios_no_usados': 0.0, 'otro': 0.0, 'situacion_economica': 0.0, 'traslado_cobertura': 0.0, 'competencia': 0.0}",alta,2.0,-0.995,0.55,0.86,0.209,jev-latest
136,traslado_cobertura,0.97,"{'falla_tecnica': 0.0, 'situacion_economica': 0.0, 'otro': 0.01, 'atencion_servicio': 0.01, 'competencia': 0.0, 'precio_facturacion': 0.0, 'traslado_cobertura': 0.98, 'servicios_no_usados': 0.0}",alta,1.87,-0.46,0.07,0.72,0.193,jev-latest
137,atencion_servicio,0.99,"{'traslado_cobertura': 0.0, 'competencia': 0.0, 'servicios_no_usados': 0.0, 'otro': 0.0, 'falla_tecnica': 0.0, 'precio_facturacion': 0.01, 'situacion_economica': 0.0, 'atencion_servicio': 0.99}",alta,2.0,-0.995,0.15,0.97,0.283,jev-latest
138,otro,0.49,"{'precio_facturacion': 0.0, 'servicios_no_usados': 0.0, 'falla_tecnica': 0.0, 'competencia': 0.0, 'traslado_cobertura': 0.44, 'atencion_servicio': 0.0, 'situacion_economica': 0.0, 'otro': 0.56}",media,1.31,-0.13,0.1,0.12,0.198,jev-latest
139,otro,0.67,"{'precio_facturacion': 0.05, 'servicios_no_usados': 0.0, 'falla_tecnica': 0.0, 'competencia': 0.2, 'traslado_cobertura': 0.0, 'atencion_servicio': 0.01, 'situacion_economica': 0.03, 'otro': 0.71}",media,1.17,-0.41,0.34,0.22,0.2,jev-latest
140,servicios_no_usados,0.39,"{'atencion_servicio': 0.01, 'otro': 0.23, 'situacion_economica': 0.03, 'falla_tecnica': 0.0, 'traslado_cobertura': 0.26, 'competencia': 0.0, 'precio_facturacion': 0.0, 'servicios_no_usados': 0.47}",media,1.11,-0.005,0.17,0.31,0.209,jev-latest
141,atencion_servicio,0.3,"{'traslado_cobertura': 0.0, 'atencion_servicio': 0.39, 'servicios_no_usados': 0.0, 'competencia': 0.01, 'precio_facturacion': 0.02, 'situacion_economica': 0.31, 'falla_tecnica': 0.13, 'otro': 0.14}",alta,1.99,-0.97,0.57,0.86,0.263,jev-latest
142,competencia,0.63,"{'servicios_no_usados': 0.01, 'competencia': 0.68, 'traslado_cobertura': 0.01, 'otro': 0.15, 'atencion_servicio': 0.07, 'falla_tecnica': 0.04, 'situacion_economica': 0.0, 'precio_facturacion': 0.04}",alta,1.8,-0.72,0.63,0.46,0.2,jev-latest
143,traslado_cobertura,0.56,"{'servicios_no_usados': 0.01, 'precio_facturacion': 0.37, 'competencia': 0.0, 'falla_tecnica': 0.01, 'traslado_cobertura': 0.61, 'atencion_servicio': 0.0, 'situacion_economica': 0.0, 'otro': 0.0}",media,0.64,-0.685,0.22,0.38,0.211,jev-latest
144,traslado_cobertura,0.66,"{'atencion_servicio': 0.02, 'falla_tecnica': 0.06, 'traslado_cobertura': 0.69, 'otro': 0.15, 'precio_facturacion': 0.02, 'servicios_no_usados': 0.04, 'competencia': 0.01, 'situacion_economica': 0.01}",media,0.76,0.28,0.24,0.54,0.202,jev-latest
145,falla_tecnica,0.79,"{'situacion_economica': 0.0, 'servicios_no_usados': 0.0, 'falla_tecnica': 0.81, 'atencion_servicio': 0.14, 'traslado_cobertura': 0.01, 'precio_facturacion': 0.0, 'competencia': 0.03, 'otro': 0.0}",alta,2.0,-0.955,0.79,0.93,0.188,jev-latest
146,precio_facturacion,0.99,"{'situacion_economica': 0.0, 'servicios_no_usados': 0.0, 'falla_tecnica': 0.0, 'precio_facturacion': 0.99, 'traslado_cobertura': 0.0, 'atencion_servicio': 0.01, 'competencia': 0.0, 'otro': 0.0}",alta,1.82,-0.97,0.21,0.8,0.187,jev-latest
147,otro,1.0,"{'situacion_economica': 0.0, 'servicios_no_usados': 0.0, 'otro': 1.0, 'traslado_cobertura': 0.0, 'atencion_servicio': 0.0, 'precio_facturacion': 0.0, 'competencia': 0.0, 'falla_tecnica': 0.0}",baja,0.47,-0.445,0.3,0.16,0.194,jev-latest
148,falla_tecnica,0.74,"{'precio_facturacion': 0.04, 'servicios_no_usados': 0.02, 'falla_tecnica': 0.77, 'competencia': 0.0, 'traslado_cobertura': 0.0, 'atencion_servicio': 0.16, 'situacion_economica': 0.01, 'otro': 0.0}",media,1.25,-0.77,0.17,0.87,0.19,jev-latest
149,otro,0.98,"{'servicios_no_usados': 0.0, 'atencion_servicio': 0.0, 'situacion_economica': 0.0, 'falla_tecnica': 0.0, 'traslado_cobertura': 0.01, 'otro': 0.99, 'precio_facturacion': 0.0, 'competencia': 0.0}",baja,0.25,-0.17,0.1,0.26,0.228,jev-latest
150,servicios_no_usados,0.98,"{'atencion_servicio': 0.0, 'otro': 0.0, 'situacion_economica': 0.0, 'falla_tecnica': 0.0, 'traslado_cobertura': 0.01, 'competencia': 0.0, 'precio_facturacion': 0.0, 'servicios_no_usados': 0.99}",alta,1.98,-0.485,0.06,0.24,0.236,jev-latest
151,precio_facturacion,0.97,"{'situacion_economica': 0.0, 'traslado_cobertura': 0.0, 'precio_facturacion': 0.98, 'servicios_no_usados': 0.0, 'falla_tecnica': 0.0, 'atencion_servicio': 0.0, 'otro': 0.0, 'competencia': 0.02}",alta,1.59,-0.63,0.81,0.67,0.197,jev-latest
152,otro,0.96,"{'falla_tecnica': 0.0, 'atencion_servicio': 0.0, 'servicios_no_usados': 0.0, 'traslado_cobertura': 0.0, 'competencia': 0.0, 'precio_facturacion': 0.03, 'otro': 0.97, 'situacion_economica': 0.0}",baja,0.21,-0.03,0.15,0.2,0.26,jev-latest
153,precio_facturacion,0.97,"{'precio_facturacion': 0.98, 'servicios_no_usados': 0.0, 'falla_tecnica': 0.0, 'competencia': 0.0, 'traslado_cobertura': 0.0, 'atencion_servicio': 0.02, 'situacion_economica': 0.0, 'otro': 0.0}",alta,1.52,-0.83,0.1,0.24,0.219,jev-latest
154,otro,0.87,"{'servicios_no_usados': 0.0, 'precio_facturacion': 0.0, 'traslado_cobertura': 0.0, 'atencion_servicio': 0.1, 'situacion_economica': 0.0, 'falla_tecnica': 0.01, 'competencia': 0.0, 'otro': 0.89}",media,1.01,-0.6,0.08,0.55,0.207,jev-latest
155,atencion_servicio,0.26,"{'atencion_servicio': 0.36, 'precio_facturacion': 0.09, 'competencia': 0.04, 'traslado_cobertura': 0.03, 'falla_tecnica': 0.02, 'otro': 0.34, 'situacion_economica': 0.07, 'servicios_no_usados': 0.05}",media,1.22,-0.505,0.68,0.47,0.199,jev-latest
156,traslado_cobertura,0.98,"{'precio_facturacion': 0.0, 'servicios_no_usados': 0.0, 'falla_tecnica': 0.0, 'competencia': 0.0, 'traslado_cobertura': 0.99, 'atencion_servicio': 0.0, 'situacion_economica': 0.01, 'otro': 0.0}",alta,1.89,-0.89,0.49,0.94,0.268,jev-latest
157,precio_facturacion,0.53,"{'atencion_servicio': 0.01, 'competencia': 0.01, 'situacion_economica': 0.02, 'traslado_cobertura': 0.0, 'falla_tecnica': 0.04, 'precio_facturacion': 0.59, 'servicios_no_usados': 0.33, 'otro': 0.0}",alta,1.97,-0.955,0.61,0.9,0.261,jev-latest
158,otro,0.98,"{'falla_tecnica': 0.0, 'precio_facturacion': 0.0, 'otro': 0.99, 'traslado_cobertura': 0.0, 'servicios_no_usados': 0.0, 'atencion_servicio': 0.01, 'competencia': 0.0, 'situacion_economica': 0.0}",baja,0.16,-0.54,0.08,0.4,0.208,jev-latest
159,traslado_cobertura,0.42,"{'falla_tecnica': 0.0, 'competencia': 0.0, 'traslado_cobertura': 0.5, 'otro': 0.01, 'servicios_no_usados': 0.46, 'atencion_servicio': 0.0, 'precio_facturacion': 0.01, 'situacion_economica': 0.02}",media,0.53,0.535,0.24,0.17,0.243,jev-latest
160,situacion_economica,0.84,"{'servicios_no_usados': 0.0, 'falla_tecnica': 0.0, 'atencion_servicio': 0.0, 'competencia': 0.0, 'otro': 0.0, 'precio_facturacion': 0.13, 'situacion_economica': 0.87, 'traslado_cobertura': 0.0}",media,0.78,-0.76,0.32,0.55,0.192,jev-latest
161,otro,0.78,"{'atencion_servicio': 0.18, 'falla_tecnica': 0.0, 'precio_facturacion': 0.0, 'servicios_no_usados': 0.0, 'otro': 0.8200000000000001, 'situacion_economica': 0.0, 'traslado_cobertura': 0.0, 'competencia': 0.0}",media,0.6,-0.715,0.09,0.4,0.223,jev-latest
162,otro,0.23,"{'situacion_economica': 0.25, 'servicios_no_usados': 0.12, 'otro': 0.32, 'traslado_cobertura': 0.01, 'atencion_servicio': 0.01, 'falla_tecnica': 0.01, 'competencia': 0.02, 'precio_facturacion': 0.26}",media,1.09,-0.345,0.23,0.76,0.226,jev-latest
163,precio_facturacion,0.57,"{'falla_tecnica': 0.1, 'otro': 0.03, 'servicios_no_usados': 0.0, 'situacion_economica': 0.1, 'precio_facturacion': 0.63, 'atencion_servicio': 0.13, 'competencia': 0.01, 'traslado_cobertura': 0.0}",media,0.71,-0.73,0.21,0.79,0.2,jev-latest
164,falla_tecnica,0.97,"{'precio_facturacion': 0.01, 'situacion_economica': 0.0, 'falla_tecnica': 0.98, 'otro': 0.0, 'traslado_cobertura': 0.0, 'competencia': 0.0, 'servicios_no_usados': 0.0, 'atencion_servicio': 0.01}",media,1.24,-0.995,0.17,0.92,0.241,jev-latest
165,precio_facturacion,0.67,"{'servicios_no_usados': 0.05, 'traslado_cobertura': 0.0, 'precio_facturacion': 0.72, 'atencion_servicio': 0.0, 'situacion_economica': 0.01, 'falla_tecnica': 0.21, 'competencia': 0.0, 'otro': 0.01}",media,1.47,-0.64,0.18,0.72,0.197,jev-latest
166,precio_facturacion,0.45,"{'otro': 0.01, 'traslado_cobertura': 0.0, 'competencia': 0.04, 'atencion_servicio': 0.0, 'precio_facturacion': 0.53, 'situacion_economica': 0.03, 'falla_tecnica': 0.39, 'servicios_no_usados': 0.0}",media,1.32,0.52,0.21,0.2,0.233,jev-latest
167,traslado_cobertura,0.99,"{'atencion_servicio': 0.0, 'otro': 0.01, 'situacion_economica': 0.0, 'falla_tecnica': 0.0, 'traslado_cobertura': 0.99, 'competencia': 0.0, 'precio_facturacion': 0.0, 'servicios_no_usados': 0.0}",alta,1.64,-0.09,0.12,0.1,0.355,jev-latest
168,precio_facturacion,0.5,"{'situacion_economica': 0.0, 'servicios_no_usados': 0.0, 'falla_tecnica': 0.0, 'precio_facturacion': 0.56, 'traslado_cobertura': 0.01, 'atencion_servicio': 0.01, 'competencia': 0.02, 'otro': 0.4}",media,0.6,-0.8,0.23,0.18,0.271,jev-latest
169,servicios_no_usados,0.89,"{'servicios_no_usados': 0.91, 'competencia': 0.01, 'traslado_cobertura': 0.0, 'otro': 0.0, 'atencion_servicio': 0.06, 'falla_tecnica': 0.0, 'situacion_economica': 0.0, 'precio_facturacion': 0.02}",alta,1.62,-0.055,0.1,0.19,0.229,jev-latest
170,precio_facturacion,0.7,"{'competencia': 0.0, 'otro': 0.0, 'traslado_cobertura': 0.0, 'situacion_economica': 0.02, 'servicios_no_usados': 0.0, 'atencion_servicio': 0.0, 'precio_facturacion': 0.75, 'falla_tecnica': 0.23}",alta,1.74,-0.72,0.21,0.57,0.186,jev-latest
171,otro,0.97,"{'atencion_servicio': 0.01, 'traslado_cobertura': 0.0, 'servicios_no_usados': 0.0, 'otro': 0.98, 'falla_tecnica': 0.0, 'situacion_economica': 0.0, 'precio_facturacion': 0.01, 'competencia': 0.0}",media,0.94,-0.62,0.14,0.22,0.218,jev-latest
172,servicios_no_usados,0.35,"{'competencia': 0.01, 'situacion_economica': 0.03, 'atencion_servicio': 0.03, 'otro': 0.08, 'servicios_no_usados': 0.42, 'precio_facturacion': 0.2, 'falla_tecnica': 0.19, 'traslado_cobertura': 0.04}",alta,1.91,-0.815,0.13,0.79,0.204,jev-latest
173,situacion_economica,1.0,"{'precio_facturacion': 0.0, 'servicios_no_usados': 0.0, 'falla_tecnica': 0.0, 'competencia': 0.0, 'traslado_cobertura': 0.0, 'atencion_servicio': 0.0, 'situacion_economica': 1.0, 'otro': 0.0}",media,0.86,-0.65,0.56,0.72,0.201,jev-latest
174,otro,0.94,"{'situacion_economica': 0.01, 'servicios_no_usados': 0.0, 'falla_tecnica': 0.0, 'atencion_servicio': 0.03, 'traslado_cobertura': 0.0, 'precio_facturacion': 0.01, 'competencia': 0.0, 'otro': 0.95}",baja,0.13,-0.625,0.1,0.23,0.204,jev-latest
175,precio_facturacion,0.9,"{'precio_facturacion': 0.92, 'servicios_no_usados': 0.0, 'falla_tecnica': 0.0, 'competencia': 0.07, 'traslado_cobertura': 0.0, 'atencion_servicio': 0.01, 'situacion_economica': 0.0, 'otro': 0.0}",media,1.2,-0.455,0.69,0.49,0.203,jev-latest
176,traslado_cobertura,1.0,"{'precio_facturacion': 0.0, 'servicios_no_usados': 0.0, 'falla_tecnica': 0.0, 'competencia': 0.0, 'traslado_cobertura': 1.0, 'atencion_servicio': 0.0, 'situacion_economica': 0.0, 'otro': 0.0}",media,1.25,0.17,0.26,0.15,0.227,jev-latest
177,atencion_servicio,0.41,"{'traslado_cobertura': 0.0, 'competencia': 0.04, 'servicios_no_usados': 0.44, 'falla_tecnica': 0.0, 'otro': 0.0, 'precio_facturacion': 0.04, 'situacion_economica': 0.0, 'atencion_servicio': 0.48}",alta,2.0,-0.995,0.87,0.91,0.199,jev-latest
178,atencion_servicio,0.99,"{'otro': 0.0, 'traslado_cobertura': 0.0, 'precio_facturacion': 0.0, 'atencion_servicio': 0.99, 'competencia': 0.0, 'situacion_economica': 0.0, 'falla_tecnica': 0.01, 'servicios_no_usados': 0.0}",media,1.32,-0.96,0.21,0.74,0.232,jev-latest
179,otro,0.61,"{'atencion_servicio': 0.06, 'precio_facturacion': 0.02, 'competencia': 0.0, 'traslado_cobertura': 0.17, 'falla_tecnica': 0.02, 'otro': 0.67, 'situacion_economica': 0.01, 'servicios_no_usados': 0.05}",baja,0.5,-0.055,0.07,0.16,0.229,jev-latest
180,atencion_servicio,0.36,"{'servicios_no_usados': 0.02, 'competencia': 0.0, 'traslado_cobertura': 0.0, 'otro': 0.41000000000000003, 'atencion_servicio': 0.45, 'falla_tecnica': 0.0, 'situacion_economica': 0.0, 'precio_facturacion': 0.12}",alta,1.97,-0.85,0.24,0.81,0.232,jev-latest
181,precio_facturacion,0.57,"{'situacion_economica': 0.02, 'traslado_cobertura': 0.0, 'precio_facturacion': 0.62, 'servicios_no_usados': 0.06, 'falla_tecnica': 0.0, 'atencion_servicio': 0.05, 'otro': 0.24, 'competencia': 0.01}",media,1.1,-0.645,0.08,0.51,0.238,jev-latest
182,otro,0.56,"{'precio_facturacion': 0.18000000000000002, 'situacion_economica': 0.0, 'atencion_servicio': 0.14, 'servicios_no_usados': 0.03, 'traslado_cobertura': 0.03, 'falla_tecnica': 0.0, 'otro': 0.62, 'competencia': 0.0}",alta,1.63,-0.88,0.11,0.39,0.213,jev-latest
183,competencia,0.95,"{'atencion_servicio': 0.03, 'precio_facturacion': 0.01, 'competencia': 0.95, 'traslado_cobertura': 0.0, 'falla_tecnica': 0.0, 'otro': 0.0, 'situacion_economica': 0.0, 'servicios_no_usados': 0.01}",alta,2.0,-0.985,0.93,0.92,0.193,jev-latest
184,otro,0.7,"{'situacion_economica': 0.0, 'falla_tecnica': 0.0, 'atencion_servicio': 0.0, 'competencia': 0.01, 'otro': 0.74, 'precio_facturacion': 0.24, 'servicios_no_usados': 0.01, 'traslado_cobertura': 0.0}",baja,0.38,-0.42,0.25,0.44,0.219,jev-latest
185,competencia,0.44,"{'situacion_economica': 0.02, 'falla_tecnica': 0.0, 'atencion_servicio': 0.0, 'competencia': 0.51, 'otro': 0.0, 'precio_facturacion': 0.46, 'servicios_no_usados': 0.01, 'traslado_cobertura': 0.0}",alta,1.9,-0.82,0.91,0.5,0.278,jev-latest
186,otro,0.51,"{'atencion_servicio': 0.0, 'otro': 0.58, 'competencia': 0.01, 'falla_tecnica': 0.0, 'traslado_cobertura': 0.0, 'situacion_economica': 0.02, 'precio_facturacion': 0.06, 'servicios_no_usados': 0.33}",media,0.67,0.205,0.14,0.46,0.254,jev-latest
187,otro,0.79,"{'competencia': 0.0, 'situacion_economica': 0.08, 'atencion_servicio': 0.04, 'otro': 0.8099999999999999, 'servicios_no_usados': 0.02, 'precio_facturacion': 0.0, 'falla_tecnica': 0.01, 'traslado_cobertura': 0.04}",media,1.27,-0.19,0.26,0.19,0.203,jev-latest
188,atencion_servicio,0.42,"{'competencia': 0.0, 'otro': 0.04, 'traslado_cobertura': 0.0, 'situacion_economica': 0.0, 'servicios_no_usados': 0.03, 'atencion_servicio': 0.5, 'precio_facturacion': 0.0, 'falla_tecnica': 0.43}",alta,1.86,-0.93,0.14,0.55,0.206,jev-latest
189,precio_facturacion,0.98,"{'competencia': 0.01, 'traslado_cobertura': 0.0, 'falla_tecnica': 0.0, 'servicios_no_usados': 0.0, 'otro': 0.0, 'situacion_economica': 0.0, 'atencion_servicio': 0.0, 'precio_facturacion': 0.99}",alta,1.5,0.2,0.34,0.08,0.27,jev-latest
190,otro,0.79,"{'situacion_economica': 0.01, 'servicios_no_usados': 0.01, 'falla_tecnica': 0.0, 'precio_facturacion': 0.17, 'traslado_cobertura': 0.0, 'atencion_servicio': 0.0, 'competencia': 0.0, 'otro': 0.81}",baja,0.24,-0.565,0.19,0.19,0.233,jev-latest
191,traslado_cobertura,0.53,"{'servicios_no_usados': 0.0, 'precio_facturacion': 0.0, 'traslado_cobertura': 0.6, 'falla_tecnica': 0.0, 'situacion_economica': 0.0, 'atencion_servicio': 0.38, 'competencia': 0.02, 'otro': 0.0}",media,0.97,-0.895,0.64,0.77,0.243,jev-latest
192,servicios_no_usados,0.61,"{'atencion_servicio': 0.05, 'falla_tecnica': 0.0, 'traslado_cobertura': 0.0, 'otro': 0.0, 'precio_facturacion': 0.26, 'servicios_no_usados': 0.66, 'competencia': 0.0, 'situacion_economica': 0.03}",alta,1.95,-0.825,0.17,0.85,0.212,jev-latest
193,servicios_no_usados,0.98,"{'precio_facturacion': 0.01, 'situacion_economica': 0.0, 'servicios_no_usados': 0.99, 'atencion_servicio': 0.0, 'traslado_cobertura': 0.0, 'falla_tecnica': 0.0, 'otro': 0.0, 'competencia': 0.0}",alta,1.86,-0.805,0.14,0.8,0.222,jev-latest
194,servicios_no_usados,0.33,"{'atencion_servicio': 0.02, 'otro': 0.09, 'situacion_economica': 0.2, 'falla_tecnica': 0.09, 'traslado_cobertura': 0.03, 'competencia': 0.04, 'precio_facturacion': 0.12, 'servicios_no_usados': 0.41}",media,1.36,-0.925,0.45,0.62,0.204,jev-latest
195,otro,0.48,"{'falla_tecnica': 0.11, 'competencia': 0.0, 'traslado_cobertura': 0.01, 'situacion_economica': 0.04, 'servicios_no_usados': 0.2, 'atencion_servicio': 0.01, 'precio_facturacion': 0.08, 'otro': 0.54}",media,1.07,-0.865,0.29,0.23,0.251,jev-latest
196,servicios_no_usados,0.57,"{'precio_facturacion': 0.37, 'servicios_no_usados': 0.63, 'falla_tecnica': 0.0, 'competencia': 0.0, 'traslado_cobertura': 0.0, 'atencion_servicio': 0.0, 'situacion_economica': 0.0, 'otro': 0.0}",media,0.92,-0.975,0.09,0.35,0.221,jev-latest
197,otro,0.58,"{'falla_tecnica': 0.0, 'otro': 0.63, 'traslado_cobertura': 0.0, 'servicios_no_usados': 0.02, 'competencia': 0.0, 'precio_facturacion': 0.27, 'atencion_servicio': 0.01, 'situacion_economica': 0.07}",baja,0.11,0.045,0.07,0.13,0.235,jev-latest
198,falla_tecnica,0.9,"{'servicios_no_usados': 0.06, 'competencia': 0.0, 'traslado_cobertura': 0.0, 'otro': 0.0, 'falla_tecnica': 0.91, 'atencion_servicio': 0.02, 'situacion_economica': 0.0, 'precio_facturacion': 0.01}",media,1.13,-0.935,0.13,0.88,0.247,jev-latest
199,precio_facturacion,0.9,"{'atencion_servicio': 0.04, 'competencia': 0.0, 'situacion_economica': 0.0, 'traslado_cobertura': 0.0, 'falla_tecnica': 0.04, 'precio_facturacion': 0.92, 'otro': 0.0, 'servicios_no_usados': 0.0}",alta,1.62,-0.95,0.35,0.96,0.222,jev-latest
200,otro,0.27,"{'atencion_servicio': 0.02, 'precio_facturacion': 0.26, 'competencia': 0.0, 'traslado_cobertura': 0.01, 'falla_tecnica': 0.0, 'otro': 0.37, 'situacion_economica': 0.24, 'servicios_no_usados': 0.1}",alta,1.69,-0.785,0.14,0.28,0.251,jev-latest
201,atencion_servicio,0.49,"{'traslado_cobertura': 0.01, 'precio_facturacion': 0.06, 'servicios_no_usados': 0.02, 'situacion_economica': 0.03, 'competencia': 0.01, 'atencion_servicio': 0.55, 'falla_tecnica': 0.02, 'otro': 0.3}",alta,1.73,-0.91,0.2,0.62,0.205,jev-latest
202,precio_facturacion,0.82,"{'traslado_cobertura': 0.0, 'atencion_servicio': 0.0, 'servicios_no_usados': 0.15, 'precio_facturacion': 0.84, 'falla_tecnica': 0.0, 'situacion_economica': 0.01, 'competencia': 0.0, 'otro': 0.0}",alta,1.75,-0.485,0.19,0.47,0.21,jev-latest
203,otro,1.0,"{'servicios_no_usados': 0.0, 'traslado_cobertura': 0.0, 'precio_facturacion': 0.0, 'atencion_servicio': 0.0, 'situacion_economica': 0.0, 'falla_tecnica': 0.0, 'competencia': 0.0, 'otro': 1.0}",baja,0.23,-0.28,0.09,0.12,0.22,jev-latest
204,atencion_servicio,0.97,"{'precio_facturacion': 0.01, 'situacion_economica': 0.0, 'otro': 0.01, 'falla_tecnica': 0.0, 'traslado_cobertura': 0.0, 'competencia': 0.0, 'servicios_no_usados': 0.0, 'atencion_servicio': 0.98}",alta,1.99,-0.975,0.1,0.89,0.202,jev-latest
205,precio_facturacion,0.95,"{'traslado_cobertura': 0.0, 'atencion_servicio': 0.0, 'situacion_economica': 0.04, 'servicios_no_usados': 0.01, 'precio_facturacion': 0.95, 'competencia': 0.0, 'falla_tecnica': 0.0, 'otro': 0.0}",media,1.03,-0.555,0.12,0.85,0.247,jev-latest
206,otro,1.0,"{'servicios_no_usados': 0.0, 'atencion_servicio': 0.0, 'situacion_economica': 0.0, 'falla_tecnica': 0.0, 'precio_facturacion': 0.0, 'otro': 1.0, 'traslado_cobertura': 0.0, 'competencia': 0.0}",baja,0.02,-0.65,0.11,0.11,0.233,jev-latest
207,otro,0.9,"{'situacion_economica': 0.0, 'servicios_no_usados': 0.07, 'otro': 0.91, 'traslado_cobertura': 0.0, 'atencion_servicio': 0.0, 'precio_facturacion': 0.0, 'competencia': 0.0, 'falla_tecnica': 0.02}",media,0.87,-0.315,0.09,0.11,0.197,jev-latest
208,otro,0.7,"{'servicios_no_usados': 0.0, 'traslado_cobertura': 0.21, 'precio_facturacion': 0.0, 'atencion_servicio': 0.05, 'situacion_economica': 0.0, 'falla_tecnica': 0.0, 'competencia': 0.0, 'otro': 0.74}",baja,0.32,-0.685,0.17,0.18,0.19,jev-latest
209,precio_facturacion,0.3,"{'situacion_economica': 0.19, 'traslado_cobertura': 0.01, 'precio_facturacion': 0.39, 'servicios_no_usados': 0.11, 'falla_tecnica': 0.08, 'atencion_servicio': 0.01, 'otro': 0.21, 'competencia': 0.0}",alta,1.57,-0.85,0.14,0.38,0.209,jev-latest
210,precio_facturacion,0.27,"{'servicios_no_usados': 0.02, 'atencion_servicio': 0.24, 'situacion_economica': 0.0, 'falla_tecnica': 0.0, 'traslado_cobertura': 0.01, 'otro': 0.36, 'precio_facturacion': 0.37, 'competencia': 0.0}",media,1.18,-0.665,0.11,0.67,0.275,jev-latest
211,otro,1.0,"{'falla_tecnica': 0.0, 'otro': 1.0, 'traslado_cobertura': 0.0, 'servicios_no_usados': 0.0, 'competencia': 0.0, 'precio_facturacion': 0.0, 'atencion_servicio': 0.0, 'situacion_economica': 0.0}",media,1.09,-0.12,0.07,0.45,0.216,jev-latest
212,competencia,0.49,"{'competencia': 0.55, 'traslado_cobertura': 0.0, 'servicios_no_usados': 0.01, 'falla_tecnica': 0.04, 'situacion_economica': 0.0, 'otro': 0.25, 'atencion_servicio': 0.09, 'precio_facturacion': 0.06}",media,0.72,-0.755,0.57,0.29,0.276,jev-latest
213,precio_facturacion,0.36,"{'competencia': 0.01, 'atencion_servicio': 0.01, 'situacion_economica': 0.11, 'falla_tecnica': 0.01, 'traslado_cobertura': 0.03, 'otro': 0.29, 'precio_facturacion': 0.44, 'servicios_no_usados': 0.1}",media,0.65,-0.585,0.18,0.31,0.269,jev-latest
214,competencia,1.0,"{'competencia': 1.0, 'situacion_economica': 0.0, 'atencion_servicio': 0.0, 'otro': 0.0, 'servicios_no_usados': 0.0, 'precio_facturacion': 0.0, 'falla_tecnica': 0.0, 'traslado_cobertura': 0.0}",alta,1.62,-0.215,0.96,0.89,0.201,jev-latest
215,falla_tecnica,0.74,"{'falla_tecnica': 0.78, 'servicios_no_usados': 0.0, 'otro': 0.0, 'precio_facturacion': 0.0, 'situacion_economica': 0.0, 'competencia': 0.22, 'atencion_servicio': 0.0, 'traslado_cobertura': 0.0}",alta,1.99,-0.755,0.81,0.83,0.339,jev-latest
216,traslado_cobertura,0.99,"{'precio_facturacion': 0.0, 'servicios_no_usados': 0.0, 'falla_tecnica': 0.0, 'competencia': 0.0, 'traslado_cobertura': 0.99, 'atencion_servicio': 0.0, 'situacion_economica': 0.0, 'otro': 0.01}",alta,1.7,0.35,0.26,0.05,0.186,jev-latest
217,atencion_servicio,0.35,"{'atencion_servicio': 0.43, 'precio_facturacion': 0.02, 'competencia': 0.0, 'traslado_cobertura': 0.01, 'falla_tecnica': 0.01, 'otro': 0.41, 'situacion_economica': 0.03, 'servicios_no_usados': 0.09}",alta,1.85,-0.93,0.09,0.85,0.226,jev-latest
218,precio_facturacion,1.0,"{'falla_tecnica': 0.0, 'otro': 0.0, 'servicios_no_usados': 0.0, 'situacion_economica': 0.0, 'precio_facturacion': 1.0, 'atencion_servicio': 0.0, 'competencia': 0.0, 'traslado_cobertura': 0.0}",alta,1.91,-0.83,0.17,0.78,0.193,jev-latest
219,traslado_cobertura,0.59,"{'otro': 0.2, 'servicios_no_usados': 0.03, 'falla_tecnica': 0.0, 'precio_facturacion': 0.01, 'situacion_economica': 0.11, 'atencion_servicio': 0.0, 'competencia': 0.0, 'traslado_cobertura': 0.65}",media,0.85,-0.585,0.24,0.37,0.233,jev-latest
220,otro,0.94,"{'situacion_economica': 0.0, 'servicios_no_usados': 0.0, 'falla_tecnica': 0.0, 'precio_facturacion': 0.0, 'traslado_cobertura': 0.02, 'atencion_servicio': 0.03, 'competencia': 0.0, 'otro': 0.95}",baja,0.3,-0.64,0.22,0.09,0.224,jev-latest
221,servicios_no_usados,0.5,"{'precio_facturacion': 0.3, 'servicios_no_usados': 0.56, 'falla_tecnica': 0.0, 'competencia': 0.12, 'traslado_cobertura': 0.0, 'atencion_servicio': 0.0, 'situacion_economica': 0.02, 'otro': 0.0}",alta,1.58,-0.785,0.53,0.33,0.208,jev-latest
222,otro,0.68,"{'situacion_economica': 0.0, 'servicios_no_usados': 0.04, 'otro': 0.72, 'traslado_cobertura': 0.0, 'atencion_servicio': 0.12, 'precio_facturacion': 0.01, 'competencia': 0.0, 'falla_tecnica': 0.11}",alta,1.65,-0.585,0.14,0.17,0.203,jev-latest
223,otro,1.0,"{'competencia': 0.0, 'otro': 1.0, 'traslado_cobertura': 0.0, 'situacion_economica': 0.0, 'precio_facturacion': 0.0, 'atencion_servicio': 0.0, 'servicios_no_usados': 0.0, 'falla_tecnica': 0.0}",baja,0.06,0.0,0.17,0.1,0.186,jev-latest
224,falla_tecnica,0.98,"{'competencia': 0.0, 'traslado_cobertura': 0.0, 'falla_tecnica': 0.98, 'servicios_no_usados': 0.0, 'otro': 0.0, 'situacion_economica': 0.0, 'atencion_servicio': 0.02, 'precio_facturacion': 0.0}",alta,1.83,-0.905,0.14,0.9,0.192,jev-latest
225,situacion_economica,0.98,"{'atencion_servicio': 0.0, 'traslado_cobertura': 0.0, 'servicios_no_usados': 0.01, 'otro': 0.0, 'falla_tecnica': 0.0, 'competencia': 0.0, 'situacion_economica': 0.99, 'precio_facturacion': 0.0}",media,0.69,-0.5,0.22,0.46,0.205,jev-latest
226,otro,1.0,"{'servicios_no_usados': 0.0, 'competencia': 0.0, 'traslado_cobertura': 0.0, 'otro': 1.0, 'atencion_servicio': 0.0, 'falla_tecnica': 0.0, 'situacion_economica': 0.0, 'precio_facturacion': 0.0}",media,1.0,-0.23,0.31,0.17,0.229,jev-latest
227,atencion_servicio,0.82,"{'precio_facturacion': 0.13, 'servicios_no_usados': 0.02, 'falla_tecnica': 0.0, 'competencia': 0.0, 'traslado_cobertura': 0.0, 'atencion_servicio': 0.84, 'situacion_economica': 0.0, 'otro': 0.01}",media,1.27,-0.975,0.07,0.91,0.196,jev-latest
228,atencion_servicio,0.67,"{'traslado_cobertura': 0.06, 'atencion_servicio': 0.71, 'situacion_economica': 0.0, 'competencia': 0.0, 'servicios_no_usados': 0.0, 'precio_facturacion': 0.0, 'falla_tecnica': 0.23, 'otro': 0.0}",alta,1.97,-0.995,0.71,0.94,0.224,jev-latest
229,otro,0.98,"{'falla_tecnica': 0.0, 'competencia': 0.0, 'traslado_cobertura': 0.0, 'situacion_economica': 0.0, 'servicios_no_usados': 0.0, 'atencion_servicio': 0.02, 'precio_facturacion': 0.0, 'otro': 0.98}",baja,0.22,-0.715,0.17,0.23,0.215,jev-latest
230,precio_facturacion,0.95,"{'competencia': 0.0, 'otro': 0.0, 'traslado_cobertura': 0.01, 'situacion_economica': 0.0, 'servicios_no_usados': 0.01, 'atencion_servicio': 0.02, 'precio_facturacion': 0.96, 'falla_tecnica': 0.0}",alta,1.74,-0.92,0.29,0.73,0.207,jev-latest
231,falla_tecnica,0.99,"{'falla_tecnica': 0.99, 'atencion_servicio': 0.0, 'servicios_no_usados': 0.0, 'traslado_cobertura': 0.0, 'competencia': 0.0, 'precio_facturacion': 0.01, 'otro': 0.0, 'situacion_economica': 0.0}",alta,1.8,-0.93,0.55,0.9,0.22,jev-latest
232,otro,0.98,"{'traslado_cobertura': 0.0, 'precio_facturacion': 0.02, 'competencia': 0.0, 'atencion_servicio': 0.0, 'situacion_economica': 0.0, 'servicios_no_usados': 0.0, 'falla_tecnica': 0.0, 'otro': 0.98}",media,1.46,0.025,0.33,0.14,0.211,jev-latest
233,precio_facturacion,1.0,"{'falla_tecnica': 0.0, 'competencia': 0.0, 'traslado_cobertura': 0.0, 'otro': 0.0, 'situacion_economica': 0.0, 'atencion_servicio': 0.0, 'precio_facturacion': 1.0, 'servicios_no_usados': 0.0}",media,1.14,-0.975,0.27,0.49,0.204,jev-latest
234,situacion_economica,0.68,"{'falla_tecnica': 0.0, 'situacion_economica': 0.73, 'precio_facturacion': 0.27, 'atencion_servicio': 0.0, 'competencia': 0.0, 'traslado_cobertura': 0.0, 'otro': 0.0, 'servicios_no_usados': 0.0}",alta,1.55,-0.045,0.11,0.35,0.215,jev-latest
235,precio_facturacion,0.57,"{'servicios_no_usados': 0.01, 'traslado_cobertura': 0.0, 'precio_facturacion': 0.63, 'falla_tecnica': 0.0, 'situacion_economica': 0.14, 'atencion_servicio': 0.0, 'competencia': 0.0, 'otro': 0.22}",media,0.97,-0.48,0.18,0.17,0.263,jev-latest
236,otro,0.97,"{'otro': 0.97, 'servicios_no_usados': 0.03, 'falla_tecnica': 0.0, 'precio_facturacion': 0.0, 'situacion_economica': 0.0, 'competencia': 0.0, 'atencion_servicio': 0.0, 'traslado_cobertura': 0.0}",media,0.51,-0.185,0.27,0.16,0.231,jev-latest
237,traslado_cobertura,0.73,"{'precio_facturacion': 0.0, 'servicios_no_usados': 0.01, 'falla_tecnica': 0.0, 'competencia': 0.0, 'traslado_cobertura': 0.77, 'atencion_servicio': 0.0, 'situacion_economica': 0.0, 'otro': 0.22}",alta,1.75,0.03,0.11,0.08,0.256,jev-latest
238,falla_tecnica,0.9,"{'otro': 0.0, 'falla_tecnica': 0.91, 'servicios_no_usados': 0.0, 'competencia': 0.0, 'precio_facturacion': 0.0, 'traslado_cobertura': 0.0, 'situacion_economica': 0.0, 'atencion_servicio': 0.09}",alta,1.78,-0.985,0.24,0.96,0.252,jev-latest
239,precio_facturacion,0.42,"{'situacion_economica': 0.44, 'falla_tecnica': 0.0, 'atencion_servicio': 0.02, 'competencia': 0.02, 'otro': 0.02, 'precio_facturacion': 0.5, 'servicios_no_usados': 0.0, 'traslado_cobertura': 0.0}",media,1.23,-0.455,0.39,0.73,0.188,jev-latest
240,servicios_no_usados,0.75,"{'servicios_no_usados': 0.79, 'falla_tecnica': 0.0, 'atencion_servicio': 0.0, 'competencia': 0.02, 'otro': 0.0, 'precio_facturacion': 0.08, 'situacion_economica': 0.11, 'traslado_cobertura': 0.0}",media,1.2,-0.415,0.72,0.55,0.207,jev-latest
241,servicios_no_usados,0.63,"{'precio_facturacion': 0.22, 'servicios_no_usados': 0.68, 'falla_tecnica': 0.0, 'competencia': 0.0, 'traslado_cobertura': 0.0, 'atencion_servicio': 0.0, 'situacion_economica': 0.0, 'otro': 0.1}",media,0.54,-0.445,0.1,0.2,0.197,jev-latest
242,otro,0.98,"{'falla_tecnica': 0.0, 'atencion_servicio': 0.01, 'servicios_no_usados': 0.0, 'traslado_cobertura': 0.0, 'precio_facturacion': 0.0, 'competencia': 0.0, 'otro': 0.99, 'situacion_economica': 0.0}",baja,0.15,-0.525,0.17,0.17,0.215,jev-latest
243,otro,0.88,"{'precio_facturacion': 0.0, 'situacion_economica': 0.0, 'servicios_no_usados': 0.0, 'atencion_servicio': 0.1, 'traslado_cobertura': 0.0, 'falla_tecnica': 0.0, 'otro': 0.89, 'competencia': 0.01}",baja,0.34,-0.25,0.19,0.31,0.214,jev-latest
244,servicios_no_usados,0.68,"{'falla_tecnica': 0.0, 'otro': 0.0, 'servicios_no_usados': 0.73, 'situacion_economica': 0.27, 'precio_facturacion': 0.0, 'atencion_servicio': 0.0, 'competencia': 0.0, 'traslado_cobertura': 0.0}",baja,0.21,0.145,0.06,0.09,0.199,jev-latest
245,precio_facturacion,0.99,"{'servicios_no_usados': 0.0, 'precio_facturacion': 0.99, 'traslado_cobertura': 0.0, 'atencion_servicio': 0.01, 'situacion_economica': 0.0, 'falla_tecnica': 0.0, 'competencia': 0.0, 'otro': 0.0}",alta,1.73,-0.995,0.12,0.92,0.211,jev-latest
246,falla_tecnica,0.66,"{'otro': 0.15, 'precio_facturacion': 0.01, 'falla_tecnica': 0.7, 'atencion_servicio': 0.03, 'traslado_cobertura': 0.01, 'competencia': 0.0, 'situacion_economica': 0.0, 'servicios_no_usados': 0.1}",media,0.69,-0.625,0.12,0.64,0.203,jev-latest
247,atencion_servicio,0.58,"{'situacion_economica': 0.0, 'traslado_cobertura': 0.0, 'precio_facturacion': 0.01, 'servicios_no_usados': 0.04, 'falla_tecnica': 0.0, 'atencion_servicio': 0.64, 'otro': 0.31, 'competencia': 0.0}",baja,0.05,-0.845,0.08,0.81,0.199,jev-latest
248,atencion_servicio,0.8,"{'competencia': 0.0, 'otro': 0.16, 'traslado_cobertura': 0.0, 'situacion_economica': 0.0, 'servicios_no_usados': 0.0, 'atencion_servicio': 0.83, 'precio_facturacion': 0.0, 'falla_tecnica': 0.01}",alta,1.63,-0.99,0.09,0.41,0.21,jev-latest
249,otro,0.56,"{'traslado_cobertura': 0.08, 'competencia': 0.05, 'servicios_no_usados': 0.06, 'otro': 0.6, 'falla_tecnica': 0.03, 'precio_facturacion': 0.1, 'situacion_economica': 0.03, 'atencion_servicio': 0.05}",baja,0.26,-0.485,0.09,0.18,0.249,jev-latest
250,servicios_no_usados,0.5,"{'atencion_servicio': 0.0, 'falla_tecnica': 0.0, 'precio_facturacion': 0.14, 'servicios_no_usados': 0.56, 'otro': 0.09, 'situacion_economica': 0.03, 'traslado_cobertura': 0.17, 'competencia': 0.01}",media,1.0,-0.33,0.2,0.07,0.264,jev-latest
251,otro,0.59,"{'precio_facturacion': 0.27, 'servicios_no_usados': 0.06, 'falla_tecnica': 0.01, 'competencia': 0.0, 'traslado_cobertura': 0.01, 'atencion_servicio': 0.01, 'situacion_economica': 0.01, 'otro': 0.63}",baja,0.44,0.215,0.1,0.19,0.193,jev-latest
252,precio_facturacion,0.88,"{'competencia': 0.0, 'traslado_cobertura': 0.0, 'servicios_no_usados': 0.0, 'falla_tecnica': 0.01, 'situacion_economica': 0.0, 'otro': 0.0, 'atencion_servicio': 0.09, 'precio_facturacion': 0.9}",media,1.15,-0.93,0.17,0.81,0.196,jev-latest
253,traslado_cobertura,0.9,"{'situacion_economica': 0.08, 'traslado_cobertura': 0.91, 'precio_facturacion': 0.0, 'servicios_no_usados': 0.0, 'falla_tecnica': 0.0, 'atencion_servicio': 0.0, 'otro': 0.01, 'competencia': 0.0}",media,0.73,-0.105,0.18,0.09,0.216,jev-latest
254,atencion_servicio,0.62,"{'atencion_servicio': 0.67, 'competencia': 0.01, 'situacion_economica': 0.0, 'servicios_no_usados': 0.0, 'otro': 0.22, 'precio_facturacion': 0.0, 'traslado_cobertura': 0.02, 'falla_tecnica': 0.07}",media,0.96,-0.555,0.1,0.46,0.226,jev-latest
255,atencion_servicio,0.3,"{'situacion_economica': 0.02, 'competencia': 0.03, 'servicios_no_usados': 0.0, 'falla_tecnica': 0.38, 'precio_facturacion': 0.17, 'traslado_cobertura': 0.0, 'otro': 0.02, 'atencion_servicio': 0.38}",media,1.38,-0.81,0.24,0.86,0.188,jev-latest
256,atencion_servicio,0.85,"{'falla_tecnica': 0.0, 'precio_facturacion': 0.0, 'otro': 0.13, 'traslado_cobertura': 0.0, 'servicios_no_usados': 0.0, 'atencion_servicio': 0.87, 'competencia': 0.0, 'situacion_economica': 0.0}",media,1.0,-0.93,0.05,0.91,0.234,jev-latest
257,otro,0.99,"{'atencion_servicio': 0.0, 'traslado_cobertura': 0.0, 'servicios_no_usados': 0.0, 'otro': 1.0, 'falla_tecnica': 0.0, 'situacion_economica': 0.0, 'competencia': 0.0, 'precio_facturacion': 0.0}",baja,0.13,-0.51,0.12,0.3,0.226,jev-latest
258,otro,0.99,"{'falla_tecnica': 0.0, 'atencion_servicio': 0.01, 'servicios_no_usados': 0.0, 'traslado_cobertura': 0.0, 'precio_facturacion': 0.0, 'competencia': 0.0, 'otro': 0.99, 'situacion_economica': 0.0}",media,0.86,-0.36,0.11,0.15,0.196,jev-latest
259,falla_tecnica,1.0,"{'situacion_economica': 0.0, 'servicios_no_usados': 0.0, 'otro': 0.0, 'traslado_cobertura': 0.0, 'atencion_servicio': 0.0, 'precio_facturacion': 0.0, 'competencia': 0.0, 'falla_tecnica': 1.0}",media,1.13,-0.725,0.08,0.56,0.29,jev-latest
260,falla_tecnica,0.98,"{'falla_tecnica': 0.99, 'servicios_no_usados': 0.0, 'otro': 0.0, 'precio_facturacion': 0.01, 'situacion_economica': 0.0, 'atencion_servicio': 0.0, 'competencia': 0.0, 'traslado_cobertura': 0.0}",media,0.77,-0.485,0.11,0.18,0.207,jev-latest
261,precio_facturacion,0.24,"{'precio_facturacion': 0.34, 'servicios_no_usados': 0.18, 'falla_tecnica': 0.0, 'competencia': 0.0, 'traslado_cobertura': 0.04, 'atencion_servicio': 0.19, 'situacion_economica': 0.07, 'otro': 0.18}",alta,1.71,-0.865,0.05,0.91,0.209,jev-latest
262,otro,0.83,"{'falla_tecnica': 0.01, 'otro': 0.85, 'servicios_no_usados': 0.06, 'situacion_economica': 0.03, 'precio_facturacion': 0.0, 'atencion_servicio': 0.04, 'competencia': 0.0, 'traslado_cobertura': 0.01}",alta,1.97,-0.875,0.08,0.32,0.234,jev-latest
263,falla_tecnica,0.99,"{'atencion_servicio': 0.0, 'competencia': 0.0, 'situacion_economica': 0.0, 'traslado_cobertura': 0.0, 'falla_tecnica': 1.0, 'precio_facturacion': 0.0, 'otro': 0.0, 'servicios_no_usados': 0.0}",alta,1.88,-0.68,0.46,0.79,0.29,jev-latest
264,falla_tecnica,0.96,"{'traslado_cobertura': 0.0, 'precio_facturacion': 0.0, 'situacion_economica': 0.0, 'atencion_servicio': 0.03, 'servicios_no_usados': 0.0, 'competencia': 0.0, 'falla_tecnica': 0.97, 'otro': 0.0}",alta,1.93,-0.955,0.23,0.91,0.19,jev-latest
265,traslado_cobertura,0.92,"{'falla_tecnica': 0.0, 'competencia': 0.0, 'traslado_cobertura': 0.92, 'servicios_no_usados': 0.01, 'situacion_economica': 0.0, 'atencion_servicio': 0.02, 'precio_facturacion': 0.03, 'otro': 0.02}",media,1.48,-0.73,0.35,0.82,0.228,jev-latest
266,otro,0.8,"{'atencion_servicio': 0.03, 'traslado_cobertura': 0.05, 'servicios_no_usados': 0.06, 'otro': 0.82, 'falla_tecnica': 0.02, 'situacion_economica': 0.0, 'competencia': 0.0, 'precio_facturacion': 0.02}",baja,0.27,-0.59,0.12,0.17,0.201,jev-latest
267,precio_facturacion,0.95,"{'falla_tecnica': 0.0, 'competencia': 0.0, 'traslado_cobertura': 0.0, 'otro': 0.0, 'servicios_no_usados': 0.04, 'atencion_servicio': 0.0, 'precio_facturacion': 0.96, 'situacion_economica': 0.0}",alta,1.67,-0.81,0.16,0.55,0.228,jev-latest
268,precio_facturacion,0.51,"{'falla_tecnica': 0.0, 'competencia': 0.0, 'traslado_cobertura': 0.0, 'servicios_no_usados': 0.42, 'otro': 0.0, 'atencion_servicio': 0.0, 'precio_facturacion': 0.58, 'situacion_economica': 0.0}",media,0.86,-0.675,0.09,0.79,0.192,jev-latest
269,atencion_servicio,0.58,"{'falla_tecnica': 0.19, 'otro': 0.01, 'servicios_no_usados': 0.0, 'situacion_economica': 0.02, 'precio_facturacion': 0.15, 'atencion_servicio': 0.63, 'competencia': 0.0, 'traslado_cobertura': 0.0}",media,0.76,-0.98,0.1,0.76,0.21,jev-latest
270,situacion_economica,1.0,"{'precio_facturacion': 0.0, 'servicios_no_usados': 0.0, 'falla_tecnica': 0.0, 'competencia': 0.0, 'traslado_cobertura': 0.0, 'atencion_servicio': 0.0, 'situacion_economica': 1.0, 'otro': 0.0}",media,1.09,-0.1,0.42,0.34,0.221,jev-latest
271,otro,0.99,"{'falla_tecnica': 0.0, 'atencion_servicio': 0.0, 'servicios_no_usados': 0.0, 'traslado_cobertura': 0.0, 'precio_facturacion': 0.0, 'competencia': 0.01, 'otro': 0.99, 'situacion_economica': 0.0}",alta,1.76,-0.36,0.68,0.5,0.344,jev-latest
272,otro,0.84,"{'otro': 0.87, 'traslado_cobertura': 0.0, 'precio_facturacion': 0.01, 'atencion_servicio': 0.0, 'competencia': 0.0, 'situacion_economica': 0.12, 'falla_tecnica': 0.0, 'servicios_no_usados': 0.0}",media,0.75,-0.65,0.4,0.24,0.196,jev-latest
273,servicios_no_usados,0.6,"{'situacion_economica': 0.1, 'falla_tecnica': 0.0, 'servicios_no_usados': 0.66, 'competencia': 0.0, 'precio_facturacion': 0.02, 'traslado_cobertura': 0.0, 'otro': 0.22, 'atencion_servicio': 0.0}",alta,1.52,0.34,0.09,0.04,0.226,jev-latest
274,servicios_no_usados,0.6,"{'situacion_economica': 0.0, 'precio_facturacion': 0.34, 'otro': 0.0, 'falla_tecnica': 0.0, 'traslado_cobertura': 0.0, 'competencia': 0.0, 'servicios_no_usados': 0.66, 'atencion_servicio': 0.0}",baja,0.48,-0.985,0.05,0.95,0.367,jev-latest
275,atencion_servicio,0.51,"{'falla_tecnica': 0.09, 'servicios_no_usados': 0.13, 'otro': 0.1, 'precio_facturacion': 0.06, 'situacion_economica': 0.01, 'atencion_servicio': 0.57, 'competencia': 0.03, 'traslado_cobertura': 0.01}",media,1.15,-0.8,0.42,0.31,0.2,jev-latest
276,otro,0.92,"{'otro': 0.93, 'competencia': 0.0, 'servicios_no_usados': 0.0, 'falla_tecnica': 0.06, 'precio_facturacion': 0.0, 'traslado_cobertura': 0.0, 'situacion_economica': 0.0, 'atencion_servicio': 0.01}",baja,0.09,-0.025,0.1,0.17,0.199,jev-latest
277,servicios_no_usados,0.86,"{'competencia': 0.0, 'situacion_economica': 0.0, 'atencion_servicio': 0.0, 'otro': 0.0, 'servicios_no_usados': 0.88, 'precio_facturacion': 0.12, 'falla_tecnica': 0.0, 'traslado_cobertura': 0.0}",media,0.87,-0.09,0.6,0.48,0.246,jev-latest
278,precio_facturacion,0.45,"{'servicios_no_usados': 0.03, 'precio_facturacion': 0.52, 'traslado_cobertura': 0.37, 'atencion_servicio': 0.01, 'situacion_economica': 0.0, 'falla_tecnica': 0.0, 'competencia': 0.01, 'otro': 0.06}",alta,1.69,-0.26,0.26,0.22,0.269,jev-latest
279,precio_facturacion,0.78,"{'precio_facturacion': 0.81, 'servicios_no_usados': 0.11, 'falla_tecnica': 0.0, 'competencia': 0.0, 'traslado_cobertura': 0.0, 'atencion_servicio': 0.0, 'situacion_economica': 0.08, 'otro': 0.0}",alta,1.91,-0.955,0.48,0.88,0.212,jev-latest
280,atencion_servicio,0.84,"{'atencion_servicio': 0.86, 'precio_facturacion': 0.0, 'competencia': 0.0, 'traslado_cobertura': 0.03, 'falla_tecnica': 0.11, 'otro': 0.0, 'situacion_economica': 0.0, 'servicios_no_usados': 0.0}",alta,2.0,-0.95,0.09,0.82,0.215,jev-latest
281,otro,0.65,"{'servicios_no_usados': 0.0, 'atencion_servicio': 0.03, 'situacion_economica': 0.0, 'falla_tecnica': 0.0, 'traslado_cobertura': 0.0, 'otro': 0.7, 'precio_facturacion': 0.26, 'competencia': 0.01}",media,0.73,-0.635,0.12,0.24,0.216,jev-latest
282,servicios_no_usados,0.96,"{'competencia': 0.0, 'situacion_economica': 0.01, 'falla_tecnica': 0.0, 'atencion_servicio': 0.0, 'precio_facturacion': 0.02, 'traslado_cobertura': 0.0, 'otro': 0.0, 'servicios_no_usados': 0.97}",media,1.37,-0.345,0.15,0.14,0.222,jev-latest
283,servicios_no_usados,0.76,"{'competencia': 0.04, 'traslado_cobertura': 0.08, 'servicios_no_usados': 0.8, 'falla_tecnica': 0.0, 'situacion_economica': 0.0, 'otro': 0.0, 'atencion_servicio': 0.04, 'precio_facturacion': 0.04}",alta,1.79,-0.74,0.75,0.56,0.213,jev-latest
284,otro,0.66,"{'atencion_servicio': 0.08, 'falla_tecnica': 0.05, 'precio_facturacion': 0.03, 'servicios_no_usados': 0.12, 'otro': 0.7, 'situacion_economica': 0.0, 'traslado_cobertura': 0.01, 'competencia': 0.01}",media,0.7,-0.645,0.11,0.53,0.199,jev-latest
285,precio_facturacion,0.8,"{'otro': 0.0, 'servicios_no_usados': 0.01, 'falla_tecnica': 0.13, 'precio_facturacion': 0.84, 'situacion_economica': 0.01, 'atencion_servicio': 0.01, 'competencia': 0.0, 'traslado_cobertura': 0.0}",alta,1.84,-0.83,0.28,0.71,0.21,jev-latest
286,atencion_servicio,0.46,"{'situacion_economica': 0.0, 'servicios_no_usados': 0.12, 'otro': 0.18000000000000002, 'traslado_cobertura': 0.0, 'atencion_servicio': 0.54, 'precio_facturacion': 0.11, 'competencia': 0.04, 'falla_tecnica': 0.01}",media,1.26,-0.79,0.38,0.26,0.199,jev-latest
287,otro,0.66,"{'atencion_servicio': 0.16, 'otro': 0.71, 'competencia': 0.0, 'falla_tecnica': 0.04, 'traslado_cobertura': 0.09, 'situacion_economica': 0.0, 'precio_facturacion': 0.0, 'servicios_no_usados': 0.0}",media,0.97,-0.805,0.17,0.2,0.187,jev-latest
288,atencion_servicio,0.54,"{'atencion_servicio': 0.6, 'falla_tecnica': 0.0, 'traslado_cobertura': 0.0, 'otro': 0.4, 'precio_facturacion': 0.0, 'servicios_no_usados': 0.0, 'competencia': 0.0, 'situacion_economica': 0.0}",media,1.07,-0.93,0.04,0.78,0.238,jev-latest
289,traslado_cobertura,0.76,"{'falla_tecnica': 0.0, 'atencion_servicio': 0.0, 'servicios_no_usados': 0.0, 'traslado_cobertura': 0.8, 'competencia': 0.0, 'precio_facturacion': 0.0, 'otro': 0.2, 'situacion_economica': 0.0}",media,0.9,-0.38,0.17,0.08,0.191,jev-latest
290,precio_facturacion,0.61,"{'servicios_no_usados': 0.09, 'competencia': 0.11, 'traslado_cobertura': 0.07, 'otro': 0.05, 'falla_tecnica': 0.0, 'atencion_servicio': 0.01, 'situacion_economica': 0.0, 'precio_facturacion': 0.67}",media,0.56,-0.615,0.51,0.27,0.242,jev-latest
291,servicios_no_usados,0.47,"{'otro': 0.0, 'servicios_no_usados': 0.54, 'falla_tecnica': 0.0, 'precio_facturacion': 0.26, 'situacion_economica': 0.05, 'competencia': 0.0, 'atencion_servicio': 0.0, 'traslado_cobertura': 0.14}",media,0.99,-0.2,0.37,0.81,0.214,jev-latest
292,servicios_no_usados,0.46,"{'traslado_cobertura': 0.0, 'atencion_servicio': 0.04, 'servicios_no_usados': 0.53, 'otro': 0.0, 'falla_tecnica': 0.43, 'situacion_economica': 0.0, 'competencia': 0.0, 'precio_facturacion': 0.0}",alta,1.72,-0.995,0.55,0.72,0.206,jev-latest
293,situacion_economica,0.94,"{'situacion_economica': 0.95, 'precio_facturacion': 0.0, 'otro': 0.04, 'falla_tecnica': 0.0, 'traslado_cobertura': 0.0, 'competencia': 0.0, 'servicios_no_usados': 0.01, 'atencion_servicio': 0.0}",alta,1.83,-0.46,0.13,0.85,0.183,jev-latest
294,servicios_no_usados,0.5,"{'servicios_no_usados': 0.56, 'atencion_servicio': 0.01, 'situacion_economica': 0.01, 'falla_tecnica': 0.0, 'traslado_cobertura': 0.01, 'otro': 0.41, 'precio_facturacion': 0.0, 'competencia': 0.0}",media,1.37,-0.35,0.12,0.26,0.223,jev-latest
295,falla_tecnica,0.97,"{'traslado_cobertura': 0.0, 'otro': 0.0, 'falla_tecnica': 0.97, 'servicios_no_usados': 0.0, 'competencia': 0.0, 'precio_facturacion': 0.0, 'atencion_servicio': 0.03, 'situacion_economica': 0.0}",alta,2.0,-1.0,0.11,0.95,0.213,jev-latest
296,otro,0.96,"{'otro': 0.97, 'falla_tecnica': 0.02, 'servicios_no_usados': 0.0, 'competencia': 0.0, 'precio_facturacion': 0.01, 'traslado_cobertura': 0.0, 'situacion_economica': 0.0, 'atencion_servicio': 0.0}",baja,0.11,-0.68,0.16,0.15,0.201,jev-latest
297,falla_tecnica,0.6,"{'servicios_no_usados': 0.02, 'falla_tecnica': 0.66, 'atencion_servicio': 0.12, 'competencia': 0.02, 'otro': 0.06, 'precio_facturacion': 0.02, 'situacion_economica': 0.02, 'traslado_cobertura': 0.08}",alta,1.87,-0.355,0.17,0.3,0.218,jev-latest
298,falla_tecnica,0.99,"{'competencia': 0.0, 'situacion_economica': 0.0, 'atencion_servicio': 0.0, 'otro': 0.0, 'servicios_no_usados': 0.01, 'precio_facturacion': 0.0, 'falla_tecnica': 0.99, 'traslado_cobertura': 0.0}",alta,1.98,-0.985,0.16,0.93,0.219,jev-latest
299,otro,0.74,"{'competencia': 0.0, 'otro': 0.79, 'traslado_cobertura': 0.18, 'situacion_economica': 0.0, 'precio_facturacion': 0.0, 'atencion_servicio': 0.0, 'servicios_no_usados': 0.03, 'falla_tecnica': 0.0}",baja,0.05,0.215,0.11,0.15,0.229,jev-latest
300,servicios_no_usados,1.0,"{'situacion_economica': 0.0, 'servicios_no_usados': 1.0, 'otro': 0.0, 'traslado_cobertura': 0.0, 'atencion_servicio': 0.0, 'precio_facturacion': 0.0, 'competencia': 0.0, 'falla_tecnica': 0.0}",alta,2.0,-0.735,0.08,0.82,0.196,jev-latest
301,precio_facturacion,1.0,"{'atencion_servicio': 0.0, 'competencia': 0.0, 'situacion_economica': 0.0, 'servicios_no_usados': 0.0, 'otro': 0.0, 'precio_facturacion': 1.0, 'traslado_cobertura': 0.0, 'falla_tecnica': 0.0}",media,1.15,-0.955,0.21,0.63,0.205,jev-latest
302,otro,0.61,"{'situacion_economica': 0.03, 'servicios_no_usados': 0.02, 'falla_tecnica': 0.01, 'precio_facturacion': 0.17, 'traslado_cobertura': 0.01, 'atencion_servicio': 0.05, 'competencia': 0.04, 'otro': 0.67}",media,0.66,-0.47,0.45,0.35,0.207,jev-latest
303,otro,0.88,"{'traslado_cobertura': 0.06, 'precio_facturacion': 0.0, 'servicios_no_usados': 0.01, 'atencion_servicio': 0.02, 'situacion_economica': 0.0, 'competencia': 0.0, 'falla_tecnica': 0.0, 'otro': 0.91}",media,1.43,-0.785,0.1,0.51,0.192,jev-latest
304,atencion_servicio,0.79,"{'falla_tecnica': 0.03, 'competencia': 0.0, 'traslado_cobertura': 0.0, 'otro': 0.03, 'situacion_economica': 0.01, 'atencion_servicio': 0.82, 'precio_facturacion': 0.09, 'servicios_no_usados': 0.02}",alta,1.92,-0.59,0.13,0.89,0.19,jev-latest
305,otro,0.96,"{'precio_facturacion': 0.01, 'falla_tecnica': 0.0, 'otro': 0.98, 'traslado_cobertura': 0.0, 'servicios_no_usados': 0.0, 'atencion_servicio': 0.0, 'competencia': 0.0, 'situacion_economica': 0.01}",media,0.71,0.305,0.37,0.17,0.188,jev-latest
306,servicios_no_usados,0.94,"{'atencion_servicio': 0.0, 'falla_tecnica': 0.0, 'traslado_cobertura': 0.0, 'otro': 0.0, 'precio_facturacion': 0.05, 'servicios_no_usados': 0.95, 'competencia': 0.0, 'situacion_economica': 0.0}",alta,1.9,-0.97,0.12,0.82,0.259,jev-latest
307,traslado_cobertura,1.0,"{'traslado_cobertura': 1.0, 'atencion_servicio': 0.0, 'situacion_economica': 0.0, 'servicios_no_usados': 0.0, 'competencia': 0.0, 'precio_facturacion': 0.0, 'falla_tecnica': 0.0, 'otro': 0.0}",alta,1.98,-0.8,0.12,0.87,0.204,jev-latest
308,servicios_no_usados,0.63,"{'situacion_economica': 0.0, 'servicios_no_usados': 0.68, 'otro': 0.01, 'traslado_cobertura': 0.0, 'atencion_servicio': 0.0, 'falla_tecnica': 0.0, 'competencia': 0.07, 'precio_facturacion': 0.24}",media,0.83,0.09,0.27,0.23,0.211,jev-latest
309,situacion_economica,0.99,"{'servicios_no_usados': 0.0, 'competencia': 0.0, 'traslado_cobertura': 0.0, 'otro': 0.01, 'atencion_servicio': 0.0, 'falla_tecnica': 0.0, 'situacion_economica': 0.99, 'precio_facturacion': 0.0}",media,0.96,-0.795,0.23,0.78,0.286,jev-latest
310,precio_facturacion,0.72,"{'traslado_cobertura': 0.0, 'competencia': 0.0, 'servicios_no_usados': 0.24, 'otro': 0.0, 'falla_tecnica': 0.0, 'precio_facturacion': 0.75, 'situacion_economica': 0.0, 'atencion_servicio': 0.01}",alta,1.87,-0.97,0.1,0.88,0.245,jev-latest
311,otro,1.0,"{'falla_tecnica': 0.0, 'otro': 1.0, 'traslado_cobertura': 0.0, 'servicios_no_usados': 0.0, 'competencia': 0.0, 'precio_facturacion': 0.0, 'atencion_servicio': 0.0, 'situacion_economica': 0.0}",alta,1.7,-0.175,0.34,0.08,0.25,jev-latest
312,precio_facturacion,0.99,"{'situacion_economica': 0.0, 'traslado_cobertura': 0.0, 'precio_facturacion': 1.0, 'servicios_no_usados': 0.0, 'falla_tecnica': 0.0, 'atencion_servicio': 0.0, 'otro': 0.0, 'competencia': 0.0}",alta,1.86,-0.235,0.59,0.34,0.199,jev-latest
313,situacion_economica,0.92,"{'servicios_no_usados': 0.0, 'competencia': 0.0, 'traslado_cobertura': 0.0, 'otro': 0.01, 'atencion_servicio': 0.0, 'falla_tecnica': 0.0, 'situacion_economica': 0.93, 'precio_facturacion': 0.05}",media,0.68,-0.04,0.19,0.23,0.245,jev-latest
314,precio_facturacion,0.74,"{'falla_tecnica': 0.0, 'otro': 0.14, 'traslado_cobertura': 0.0, 'servicios_no_usados': 0.01, 'competencia': 0.0, 'precio_facturacion': 0.78, 'atencion_servicio': 0.0, 'situacion_economica': 0.07}",media,0.53,0.01,0.07,0.14,0.251,jev-latest
315,servicios_no_usados,0.99,"{'competencia': 0.0, 'situacion_economica': 0.0, 'atencion_servicio': 0.0, 'otro': 0.0, 'servicios_no_usados': 1.0, 'precio_facturacion': 0.0, 'falla_tecnica': 0.0, 'traslado_cobertura': 0.0}",alta,2.0,-0.995,0.44,0.97,0.199,jev-latest
316,servicios_no_usados,0.98,"{'situacion_economica': 0.0, 'traslado_cobertura': 0.0, 'precio_facturacion': 0.02, 'servicios_no_usados': 0.98, 'falla_tecnica': 0.0, 'atencion_servicio': 0.0, 'otro': 0.0, 'competencia': 0.0}",media,0.77,-0.565,0.09,0.16,0.19,jev-latest
317,otro,0.95,"{'atencion_servicio': 0.0, 'falla_tecnica': 0.0, 'traslado_cobertura': 0.0, 'otro': 0.96, 'precio_facturacion': 0.0, 'servicios_no_usados': 0.0, 'competencia': 0.04, 'situacion_economica': 0.0}",alta,1.92,0.095,0.16,0.07,0.239,jev-latest
318,atencion_servicio,0.5,"{'servicios_no_usados': 0.0, 'competencia': 0.0, 'traslado_cobertura': 0.2, 'otro': 0.01, 'atencion_servicio': 0.56, 'falla_tecnica': 0.0, 'situacion_economica': 0.0, 'precio_facturacion': 0.22}",alta,1.65,-0.86,0.42,0.77,0.2,jev-latest
319,otro,0.92,"{'servicios_no_usados': 0.02, 'competencia': 0.01, 'traslado_cobertura': 0.0, 'otro': 0.93, 'atencion_servicio': 0.0, 'falla_tecnica': 0.0, 'situacion_economica': 0.01, 'precio_facturacion': 0.03}",media,0.66,-0.63,0.21,0.3,0.213,jev-latest
320,traslado_cobertura,0.58,"{'precio_facturacion': 0.0, 'servicios_no_usados': 0.0, 'falla_tecnica': 0.0, 'competencia': 0.0, 'traslado_cobertura': 0.63, 'atencion_servicio': 0.08, 'situacion_economica': 0.0, 'otro': 0.29}",alta,1.82,-0.56,0.37,0.88,0.186,jev-latest
321,servicios_no_usados,0.37,"{'atencion_servicio': 0.0, 'otro': 0.41, 'situacion_economica': 0.01, 'falla_tecnica': 0.0, 'traslado_cobertura': 0.0, 'competencia': 0.0, 'precio_facturacion': 0.12, 'servicios_no_usados': 0.46}",media,1.06,-0.45,0.18,0.23,0.189,jev-latest
322,precio_facturacion,0.72,"{'traslado_cobertura': 0.0, 'precio_facturacion': 0.75, 'falla_tecnica': 0.08, 'otro': 0.0, 'servicios_no_usados': 0.01, 'atencion_servicio': 0.11, 'competencia': 0.05, 'situacion_economica': 0.0}",alta,1.74,-1.0,0.86,0.91,0.279,jev-latest
323,situacion_economica,0.77,"{'traslado_cobertura': 0.0, 'precio_facturacion': 0.2, 'falla_tecnica': 0.0, 'otro': 0.0, 'servicios_no_usados': 0.0, 'atencion_servicio': 0.0, 'competencia': 0.0, 'situacion_economica': 0.8}",media,0.69,0.17,0.06,0.71,0.213,jev-latest
324,precio_facturacion,0.94,"{'situacion_economica': 0.0, 'servicios_no_usados': 0.0, 'otro': 0.0, 'traslado_cobertura': 0.05, 'atencion_servicio': 0.0, 'precio_facturacion': 0.95, 'competencia': 0.0, 'falla_tecnica': 0.0}",media,1.43,-0.925,0.41,0.24,0.222,jev-latest
325,traslado_cobertura,0.85,"{'precio_facturacion': 0.0, 'situacion_economica': 0.0, 'atencion_servicio': 0.07, 'servicios_no_usados': 0.01, 'traslado_cobertura': 0.87, 'falla_tecnica': 0.05, 'otro': 0.0, 'competencia': 0.0}",alta,1.74,-0.69,0.46,0.8,0.215,jev-latest
326,precio_facturacion,1.0,"{'atencion_servicio': 0.0, 'precio_facturacion': 1.0, 'competencia': 0.0, 'traslado_cobertura': 0.0, 'falla_tecnica': 0.0, 'otro': 0.0, 'situacion_economica': 0.0, 'servicios_no_usados': 0.0}",media,0.78,-0.39,0.11,0.93,0.203,jev-latest
327,precio_facturacion,0.58,"{'falla_tecnica': 0.02, 'competencia': 0.0, 'traslado_cobertura': 0.0, 'servicios_no_usados': 0.0, 'situacion_economica': 0.02, 'atencion_servicio': 0.32, 'precio_facturacion': 0.64, 'otro': 0.0}",media,1.22,-0.85,0.22,0.91,0.24,jev-latest
328,servicios_no_usados,0.76,"{'atencion_servicio': 0.0, 'otro': 0.0, 'situacion_economica': 0.01, 'falla_tecnica': 0.07, 'traslado_cobertura': 0.0, 'competencia': 0.02, 'precio_facturacion': 0.11, 'servicios_no_usados': 0.79}",media,0.91,-0.7,0.1,0.89,0.201,jev-latest
329,otro,0.98,"{'atencion_servicio': 0.0, 'precio_facturacion': 0.0, 'competencia': 0.0, 'traslado_cobertura': 0.0, 'falla_tecnica': 0.0, 'otro': 1.0, 'situacion_economica': 0.0, 'servicios_no_usados': 0.0}",media,0.52,-0.145,0.12,0.15,0.209,jev-latest
330,situacion_economica,0.48,"{'traslado_cobertura': 0.0, 'atencion_servicio': 0.0, 'servicios_no_usados': 0.0, 'situacion_economica': 0.54, 'precio_facturacion': 0.02, 'competencia': 0.44, 'falla_tecnica': 0.0, 'otro': 0.0}",media,0.98,-0.65,0.92,0.12,0.192,jev-latest
331,otro,0.83,"{'otro': 0.84, 'falla_tecnica': 0.02, 'precio_facturacion': 0.06, 'atencion_servicio': 0.03, 'traslado_cobertura': 0.01, 'situacion_economica': 0.01, 'competencia': 0.01, 'servicios_no_usados': 0.02}",media,0.56,-0.53,0.2,0.42,0.242,jev-latest
332,otro,0.38,"{'precio_facturacion': 0.13, 'servicios_no_usados': 0.02, 'falla_tecnica': 0.01, 'competencia': 0.0, 'traslado_cobertura': 0.35, 'atencion_servicio': 0.03, 'situacion_economica': 0.01, 'otro': 0.45}",baja,0.5,0.015,0.19,0.24,0.201,jev-latest
333,precio_facturacion,0.26,"{'atencion_servicio': 0.01, 'precio_facturacion': 0.35, 'competencia': 0.03, 'traslado_cobertura': 0.04, 'falla_tecnica': 0.03, 'otro': 0.29, 'situacion_economica': 0.02, 'servicios_no_usados': 0.23}",media,0.7,-0.915,0.35,0.61,0.229,jev-latest
334,precio_facturacion,0.3,"{'traslado_cobertura': 0.02, 'precio_facturacion': 0.38, 'competencia': 0.02, 'servicios_no_usados': 0.21, 'atencion_servicio': 0.08, 'situacion_economica': 0.04, 'falla_tecnica': 0.01, 'otro': 0.24}",alta,1.67,-0.155,0.2,0.87,0.215,jev-latest
335,servicios_no_usados,0.47,"{'traslado_cobertura': 0.0, 'competencia': 0.0, 'servicios_no_usados': 0.54, 'falla_tecnica': 0.38, 'otro': 0.0, 'precio_facturacion': 0.0, 'situacion_economica': 0.0, 'atencion_servicio': 0.08}",alta,1.98,-0.76,0.09,0.94,0.21,jev-latest
336,situacion_economica,1.0,"{'falla_tecnica': 0.0, 'competencia': 0.0, 'traslado_cobertura': 0.0, 'servicios_no_usados': 0.0, 'otro': 0.0, 'atencion_servicio': 0.0, 'precio_facturacion': 0.0, 'situacion_economica': 1.0}",alta,1.8,-0.68,0.08,0.88,0.242,jev-latest
337,precio_facturacion,0.59,"{'falla_tecnica': 0.0, 'servicios_no_usados': 0.33, 'otro': 0.0, 'precio_facturacion': 0.64, 'situacion_economica': 0.0, 'competencia': 0.02, 'atencion_servicio': 0.01, 'traslado_cobertura': 0.0}",media,1.03,-0.675,0.23,0.33,0.192,jev-latest
338,precio_facturacion,0.83,"{'situacion_economica': 0.0, 'precio_facturacion': 0.86, 'otro': 0.0, 'falla_tecnica': 0.0, 'traslado_cobertura': 0.0, 'competencia': 0.0, 'servicios_no_usados': 0.14, 'atencion_servicio': 0.0}",media,1.42,-0.175,0.06,0.18,0.262,jev-latest
339,otro,0.89,"{'falla_tecnica': 0.0, 'competencia': 0.0, 'traslado_cobertura': 0.0, 'situacion_economica': 0.0, 'servicios_no_usados': 0.0, 'atencion_servicio': 0.0, 'precio_facturacion': 0.09, 'otro': 0.91}",baja,0.35,-0.245,0.17,0.26,0.19,jev-latest
340,servicios_no_usados,0.62,"{'competencia': 0.0, 'atencion_servicio': 0.0, 'situacion_economica': 0.0, 'falla_tecnica': 0.0, 'precio_facturacion': 0.32, 'otro': 0.0, 'traslado_cobertura': 0.01, 'servicios_no_usados': 0.67}",media,0.96,-0.775,0.1,0.77,0.234,jev-latest
341,otro,0.37,"{'precio_facturacion': 0.02, 'servicios_no_usados': 0.04, 'falla_tecnica': 0.06, 'competencia': 0.0, 'traslado_cobertura': 0.1, 'atencion_servicio': 0.33, 'situacion_economica': 0.0, 'otro': 0.45}",alta,1.78,-0.38,0.07,0.58,0.2,jev-latest
342,situacion_economica,0.97,"{'atencion_servicio': 0.0, 'falla_tecnica': 0.0, 'traslado_cobertura': 0.0, 'otro': 0.0, 'precio_facturacion': 0.01, 'servicios_no_usados': 0.0, 'competencia': 0.02, 'situacion_economica': 0.97}",alta,1.62,-0.3,0.11,0.09,0.194,jev-latest
343,precio_facturacion,0.93,"{'precio_facturacion': 0.93, 'situacion_economica': 0.02, 'servicios_no_usados': 0.0, 'atencion_servicio': 0.0, 'traslado_cobertura': 0.0, 'falla_tecnica': 0.0, 'otro': 0.04, 'competencia': 0.0}",baja,0.37,-0.33,0.35,0.11,0.226,jev-latest
344,precio_facturacion,0.28,"{'atencion_servicio': 0.0, 'otro': 0.34, 'situacion_economica': 0.26, 'falla_tecnica': 0.0, 'traslado_cobertura': 0.0, 'competencia': 0.0, 'precio_facturacion': 0.38, 'servicios_no_usados': 0.02}",media,1.24,-0.72,0.1,0.16,0.206,jev-latest
345,falla_tecnica,0.58,"{'situacion_economica': 0.0, 'competencia': 0.0, 'servicios_no_usados': 0.0, 'falla_tecnica': 0.64, 'precio_facturacion': 0.02, 'traslado_cobertura': 0.0, 'otro': 0.0, 'atencion_servicio': 0.34}",alta,1.91,-0.985,0.27,0.83,0.23,jev-latest
346,traslado_cobertura,0.82,"{'situacion_economica': 0.0, 'falla_tecnica': 0.0, 'atencion_servicio': 0.0, 'competencia': 0.0, 'otro': 0.13, 'precio_facturacion': 0.02, 'servicios_no_usados': 0.0, 'traslado_cobertura': 0.85}",baja,0.23,0.375,0.09,0.49,0.239,jev-latest
347,otro,1.0,"{'atencion_servicio': 0.0, 'otro': 1.0, 'competencia': 0.0, 'falla_tecnica': 0.0, 'traslado_cobertura': 0.0, 'situacion_economica': 0.0, 'precio_facturacion': 0.0, 'servicios_no_usados': 0.0}",baja,0.47,0.005,0.07,0.06,0.183,jev-latest
348,otro,0.7,"{'competencia': 0.0, 'situacion_economica': 0.0, 'falla_tecnica': 0.0, 'atencion_servicio': 0.0, 'precio_facturacion': 0.0, 'traslado_cobertura': 0.26, 'otro': 0.74, 'servicios_no_usados': 0.0}",baja,0.28,-0.31,0.42,0.08,0.227,jev-latest
349,precio_facturacion,0.86,"{'precio_facturacion': 0.89, 'situacion_economica': 0.07, 'atencion_servicio': 0.0, 'servicios_no_usados': 0.04, 'traslado_cobertura': 0.0, 'falla_tecnica': 0.0, 'otro': 0.0, 'competencia': 0.0}",alta,1.94,-0.605,0.16,0.87,0.197,jev-latest
350,precio_facturacion,0.5,"{'competencia': 0.0, 'otro': 0.0, 'traslado_cobertura': 0.0, 'situacion_economica': 0.0, 'servicios_no_usados': 0.0, 'atencion_servicio': 0.42, 'precio_facturacion': 0.5700000000000001, 'falla_tecnica': 0.01}",media,1.27,-0.97,0.12,0.77,0.213,jev-latest
351,competencia,0.2,"{'falla_tecnica': 0.01, 'atencion_servicio': 0.01, 'servicios_no_usados': 0.0, 'traslado_cobertura': 0.09, 'competencia': 0.3, 'precio_facturacion': 0.29, 'otro': 0.16, 'situacion_economica': 0.14}",baja,0.46,0.37,0.28,0.19,0.225,jev-latest
352,competencia,0.8,"{'servicios_no_usados': 0.0, 'precio_facturacion': 0.16, 'competencia': 0.84, 'falla_tecnica': 0.0, 'traslado_cobertura': 0.0, 'atencion_servicio': 0.0, 'situacion_economica': 0.0, 'otro': 0.0}",alta,1.98,-0.84,0.92,0.88,0.191,jev-latest
353,otro,0.98,"{'servicios_no_usados': 0.0, 'precio_facturacion': 0.0, 'competencia': 0.0, 'falla_tecnica': 0.0, 'traslado_cobertura': 0.02, 'atencion_servicio': 0.0, 'situacion_economica': 0.0, 'otro': 0.98}",baja,0.05,0.105,0.1,0.1,0.192,jev-latest
354,otro,0.33,"{'falla_tecnica': 0.02, 'competencia': 0.0, 'traslado_cobertura': 0.0, 'servicios_no_usados': 0.29, 'situacion_economica': 0.0, 'atencion_servicio': 0.08, 'precio_facturacion': 0.18, 'otro': 0.43}",alta,1.53,-0.725,0.15,0.41,0.245,jev-latest
355,precio_facturacion,0.51,"{'precio_facturacion': 0.58, 'servicios_no_usados': 0.0, 'falla_tecnica': 0.32, 'competencia': 0.09, 'traslado_cobertura': 0.0, 'atencion_servicio': 0.0, 'situacion_economica': 0.01, 'otro': 0.0}",media,1.03,-0.89,0.23,0.82,0.275,jev-latest
356,precio_facturacion,0.53,"{'falla_tecnica': 0.02, 'competencia': 0.3, 'traslado_cobertura': 0.0, 'situacion_economica': 0.02, 'servicios_no_usados': 0.06, 'atencion_servicio': 0.0, 'precio_facturacion': 0.6, 'otro': 0.0}",alta,1.96,-0.65,0.78,0.76,0.221,jev-latest
357,otro,1.0,"{'atencion_servicio': 0.0, 'competencia': 0.0, 'situacion_economica': 0.0, 'traslado_cobertura': 0.0, 'falla_tecnica': 0.0, 'precio_facturacion': 0.0, 'servicios_no_usados': 0.0, 'otro': 1.0}",baja,0.39,-0.155,0.31,0.08,0.191,jev-latest
358,otro,1.0,"{'precio_facturacion': 0.0, 'situacion_economica': 0.0, 'servicios_no_usados': 0.0, 'atencion_servicio': 0.0, 'traslado_cobertura': 0.0, 'falla_tecnica': 0.0, 'otro': 1.0, 'competencia': 0.0}",baja,0.05,-0.1,0.06,0.04,0.187,jev-latest
359,otro,0.59,"{'falla_tecnica': 0.0, 'competencia': 0.0, 'traslado_cobertura': 0.01, 'otro': 0.65, 'situacion_economica': 0.01, 'atencion_servicio': 0.0, 'precio_facturacion': 0.23, 'servicios_no_usados': 0.1}",media,0.77,0.065,0.1,0.09,0.201,jev-latest
360,otro,0.98,"{'atencion_servicio': 0.0, 'otro': 0.99, 'situacion_economica': 0.0, 'falla_tecnica': 0.0, 'traslado_cobertura': 0.0, 'competencia': 0.01, 'precio_facturacion': 0.0, 'servicios_no_usados': 0.0}",media,0.59,-0.55,0.23,0.29,0.192,jev-latest
361,falla_tecnica,0.34,"{'precio_facturacion': 0.14, 'situacion_economica': 0.0, 'otro': 0.02, 'falla_tecnica': 0.43, 'traslado_cobertura': 0.02, 'competencia': 0.0, 'atencion_servicio': 0.18, 'servicios_no_usados': 0.21}",baja,0.44,-0.76,0.1,0.49,0.228,jev-latest
362,traslado_cobertura,0.98,"{'servicios_no_usados': 0.0, 'falla_tecnica': 0.0, 'atencion_servicio': 0.0, 'competencia': 0.01, 'otro': 0.0, 'precio_facturacion': 0.0, 'situacion_economica': 0.0, 'traslado_cobertura': 0.99}",alta,1.76,0.015,0.37,0.09,0.196,jev-latest
363,otro,0.61,"{'situacion_economica': 0.0, 'precio_facturacion': 0.21, 'otro': 0.66, 'falla_tecnica': 0.0, 'traslado_cobertura': 0.0, 'competencia': 0.12, 'servicios_no_usados': 0.0, 'atencion_servicio': 0.01}",baja,0.38,-0.215,0.31,0.21,0.186,jev-latest
364,situacion_economica,0.96,"{'situacion_economica': 0.96, 'competencia': 0.0, 'servicios_no_usados': 0.01, 'falla_tecnica': 0.0, 'precio_facturacion': 0.03, 'traslado_cobertura': 0.0, 'otro': 0.0, 'atencion_servicio': 0.0}",media,0.74,-0.115,0.06,0.11,0.222,jev-latest
365,situacion_economica,0.98,"{'situacion_economica': 0.99, 'traslado_cobertura': 0.0, 'precio_facturacion': 0.0, 'servicios_no_usados': 0.0, 'falla_tecnica': 0.01, 'atencion_servicio': 0.0, 'otro': 0.0, 'competencia': 0.0}",media,1.03,-0.855,0.16,0.49,0.221,jev-latest
366,otro,1.0,"{'servicios_no_usados': 0.0, 'falla_tecnica': 0.0, 'atencion_servicio': 0.0, 'competencia': 0.0, 'otro': 1.0, 'precio_facturacion': 0.0, 'situacion_economica': 0.0, 'traslado_cobertura': 0.0}",media,0.51,-0.175,0.34,0.12,0.251,jev-latest
367,precio_facturacion,0.67,"{'competencia': 0.0, 'traslado_cobertura': 0.0, 'falla_tecnica': 0.0, 'servicios_no_usados': 0.01, 'otro': 0.0, 'situacion_economica': 0.0, 'atencion_servicio': 0.28, 'precio_facturacion': 0.71}",alta,1.57,-0.99,0.1,0.92,0.276,jev-latest
368,precio_facturacion,0.98,"{'traslado_cobertura': 0.0, 'otro': 0.0, 'falla_tecnica': 0.0, 'servicios_no_usados': 0.0, 'competencia': 0.01, 'precio_facturacion': 0.99, 'atencion_servicio': 0.0, 'situacion_economica': 0.0}",alta,1.76,-0.51,0.65,0.37,0.203,jev-latest
369,traslado_cobertura,0.8,"{'otro': 0.0, 'precio_facturacion': 0.09999999999999999, 'falla_tecnica': 0.02, 'atencion_servicio': 0.04, 'traslado_cobertura': 0.83, 'competencia': 0.0, 'situacion_economica': 0.0, 'servicios_no_usados': 0.01}",media,1.31,-0.77,0.21,0.78,0.25,jev-latest
370,precio_facturacion,0.84,"{'atencion_servicio': 0.04, 'falla_tecnica': 0.0, 'precio_facturacion': 0.86, 'servicios_no_usados': 0.1, 'otro': 0.0, 'situacion_economica': 0.0, 'traslado_cobertura': 0.0, 'competencia': 0.0}",media,0.84,-0.945,0.16,0.67,0.268,jev-latest
371,otro,0.98,"{'atencion_servicio': 0.01, 'precio_facturacion': 0.0, 'competencia': 0.0, 'traslado_cobertura': 0.0, 'falla_tecnica': 0.0, 'otro': 0.99, 'situacion_economica': 0.0, 'servicios_no_usados': 0.0}",media,0.67,-0.325,0.22,0.21,0.219,jev-latest
372,otro,0.46,"{'traslado_cobertura': 0.1, 'otro': 0.52, 'falla_tecnica': 0.01, 'servicios_no_usados': 0.19, 'competencia': 0.0, 'precio_facturacion': 0.13, 'atencion_servicio': 0.01, 'situacion_economica': 0.04}",media,0.55,0.435,0.07,0.24,0.186,jev-latest
373,precio_facturacion,0.96,"{'atencion_servicio': 0.0, 'falla_tecnica': 0.0, 'traslado_cobertura': 0.0, 'otro': 0.0, 'precio_facturacion': 0.97, 'servicios_no_usados': 0.03, 'competencia': 0.0, 'situacion_economica': 0.0}",media,1.26,-0.8,0.5,0.82,0.234,jev-latest
374,otro,0.99,"{'precio_facturacion': 0.0, 'servicios_no_usados': 0.0, 'falla_tecnica': 0.0, 'competencia': 0.0, 'traslado_cobertura': 0.0, 'atencion_servicio': 0.0, 'situacion_economica': 0.0, 'otro': 1.0}",baja,0.17,-0.52,0.13,0.15,0.197,jev-latest
375,otro,1.0,"{'servicios_no_usados': 0.0, 'precio_facturacion': 0.0, 'competencia': 0.0, 'falla_tecnica': 0.0, 'traslado_cobertura': 0.0, 'atencion_servicio': 0.0, 'situacion_economica': 0.0, 'otro': 1.0}",baja,0.09,0.035,0.13,0.06,0.197,jev-latest
376,competencia,0.51,"{'situacion_economica': 0.0, 'precio_facturacion': 0.01, 'falla_tecnica': 0.0, 'otro': 0.0, 'traslado_cobertura': 0.0, 'competencia': 0.58, 'atencion_servicio': 0.12, 'servicios_no_usados': 0.29000000000000004}",alta,1.99,-0.92,0.92,0.96,0.184,jev-latest
377,precio_facturacion,0.8,"{'precio_facturacion': 0.83, 'traslado_cobertura': 0.0, 'falla_tecnica': 0.0, 'atencion_servicio': 0.0, 'competencia': 0.0, 'situacion_economica': 0.07, 'otro': 0.0, 'servicios_no_usados': 0.1}",media,1.4,-0.51,0.23,0.36,0.262,jev-latest
378,precio_facturacion,0.84,"{'competencia': 0.0, 'otro': 0.0, 'traslado_cobertura': 0.09, 'situacion_economica': 0.01, 'precio_facturacion': 0.87, 'atencion_servicio': 0.0, 'servicios_no_usados': 0.03, 'falla_tecnica': 0.0}",baja,0.23,-0.645,0.09,0.86,0.215,jev-latest
379,traslado_cobertura,0.45,"{'otro': 0.07, 'servicios_no_usados': 0.0, 'falla_tecnica': 0.0, 'precio_facturacion': 0.35, 'situacion_economica': 0.01, 'competencia': 0.0, 'atencion_servicio': 0.05, 'traslado_cobertura': 0.52}",media,1.39,-0.72,0.31,0.65,0.2,jev-latest
380,competencia,0.3,"{'competencia': 0.4, 'otro': 0.0, 'traslado_cobertura': 0.0, 'situacion_economica': 0.0, 'precio_facturacion': 0.28, 'atencion_servicio': 0.12, 'servicios_no_usados': 0.0, 'falla_tecnica': 0.2}",alta,2.0,-1.0,0.93,0.28,0.27,jev-latest
381,falla_tecnica,0.71,"{'competencia': 0.01, 'situacion_economica': 0.0, 'atencion_servicio': 0.23, 'otro': 0.0, 'servicios_no_usados': 0.0, 'precio_facturacion': 0.0, 'falla_tecnica': 0.76, 'traslado_cobertura': 0.0}",media,1.48,-0.98,0.39,0.94,0.202,jev-latest
382,otro,0.57,"{'atencion_servicio': 0.01, 'competencia': 0.0, 'situacion_economica': 0.01, 'traslado_cobertura': 0.32, 'otro': 0.64, 'precio_facturacion': 0.01, 'servicios_no_usados': 0.01, 'falla_tecnica': 0.0}",media,1.2,-0.385,0.12,0.32,0.331,jev-latest
383,otro,0.81,"{'competencia': 0.0, 'situacion_economica': 0.0, 'atencion_servicio': 0.12, 'otro': 0.84, 'servicios_no_usados': 0.01, 'precio_facturacion': 0.0, 'falla_tecnica': 0.03, 'traslado_cobertura': 0.0}",media,0.85,-0.675,0.1,0.29,0.251,jev-latest
384,precio_facturacion,0.93,"{'atencion_servicio': 0.01, 'traslado_cobertura': 0.02, 'servicios_no_usados': 0.0, 'precio_facturacion': 0.94, 'falla_tecnica': 0.0, 'situacion_economica': 0.0, 'competencia': 0.02, 'otro': 0.01}",media,1.38,-0.57,0.37,0.7,0.23,jev-latest
385,precio_facturacion,0.36,"{'precio_facturacion': 0.45, 'situacion_economica': 0.0, 'falla_tecnica': 0.13, 'otro': 0.0, 'traslado_cobertura': 0.0, 'competencia': 0.0, 'servicios_no_usados': 0.01, 'atencion_servicio': 0.41}",alta,1.8,-0.93,0.48,0.97,0.231,jev-latest
386,traslado_cobertura,0.62,"{'precio_facturacion': 0.0, 'servicios_no_usados': 0.13, 'falla_tecnica': 0.0, 'competencia': 0.0, 'traslado_cobertura': 0.68, 'atencion_servicio': 0.0, 'situacion_economica': 0.01, 'otro': 0.18}",alta,1.98,-0.2,0.68,0.13,0.203,jev-latest
387,competencia,0.97,"{'traslado_cobertura': 0.0, 'atencion_servicio': 0.0, 'servicios_no_usados': 0.0, 'otro': 0.0, 'falla_tecnica': 0.0, 'competencia': 0.98, 'precio_facturacion': 0.02, 'situacion_economica': 0.0}",alta,1.77,-0.32,0.92,0.8,0.235,jev-latest
388,traslado_cobertura,0.19,"{'precio_facturacion': 0.09, 'servicios_no_usados': 0.19, 'falla_tecnica': 0.11, 'competencia': 0.0, 'traslado_cobertura': 0.27999999999999997, 'atencion_servicio': 0.02, 'situacion_economica': 0.27, 'otro': 0.04}",media,1.27,-0.49,0.14,0.45,0.217,jev-latest
389,otro,1.0,"{'atencion_servicio': 0.0, 'falla_tecnica': 0.0, 'precio_facturacion': 0.0, 'servicios_no_usados': 0.0, 'otro': 1.0, 'situacion_economica': 0.0, 'traslado_cobertura': 0.0, 'competencia': 0.0}",alta,1.81,-0.06,0.34,0.07,0.219,jev-latest
390,precio_facturacion,0.99,"{'atencion_servicio': 0.0, 'competencia': 0.0, 'situacion_economica': 0.0, 'traslado_cobertura': 0.0, 'otro': 0.0, 'precio_facturacion': 1.0, 'servicios_no_usados': 0.0, 'falla_tecnica': 0.0}",alta,1.88,-0.92,0.22,0.76,0.212,jev-latest
391,precio_facturacion,0.98,"{'precio_facturacion': 0.98, 'servicios_no_usados': 0.0, 'falla_tecnica': 0.0, 'competencia': 0.0, 'traslado_cobertura': 0.0, 'atencion_servicio': 0.01, 'situacion_economica': 0.01, 'otro': 0.0}",alta,1.99,-0.995,0.36,0.91,0.196,jev-latest
392,falla_tecnica,1.0,"{'precio_facturacion': 0.0, 'servicios_no_usados': 0.0, 'falla_tecnica': 1.0, 'competencia': 0.0, 'traslado_cobertura': 0.0, 'atencion_servicio': 0.0, 'situacion_economica': 0.0, 'otro': 0.0}",alta,1.92,-0.89,0.13,0.92,0.247,jev-latest
393,atencion_servicio,0.3,"{'competencia': 0.07, 'atencion_servicio': 0.39, 'situacion_economica': 0.01, 'falla_tecnica': 0.1, 'traslado_cobertura': 0.04, 'otro': 0.3, 'precio_facturacion': 0.03, 'servicios_no_usados': 0.06}",alta,1.61,-0.775,0.19,0.32,0.18,jev-latest
394,competencia,0.93,"{'servicios_no_usados': 0.0, 'precio_facturacion': 0.03, 'competencia': 0.95, 'falla_tecnica': 0.0, 'traslado_cobertura': 0.0, 'atencion_servicio': 0.01, 'situacion_economica': 0.0, 'otro': 0.01}",baja,0.25,-0.05,0.62,0.51,0.561,jev-latest
395,traslado_cobertura,0.9,"{'falla_tecnica': 0.0, 'competencia': 0.0, 'traslado_cobertura': 0.91, 'otro': 0.05, 'servicios_no_usados': 0.01, 'atencion_servicio': 0.0, 'precio_facturacion': 0.0, 'situacion_economica': 0.03}",media,1.38,-0.235,0.66,0.7,0.231,jev-latest
396,otro,1.0,"{'servicios_no_usados': 0.0, 'competencia': 0.0, 'traslado_cobertura': 0.0, 'otro': 1.0, 'falla_tecnica': 0.0, 'atencion_servicio': 0.0, 'situacion_economica': 0.0, 'precio_facturacion': 0.0}",media,0.72,-0.37,0.24,0.13,0.227,jev-latest
397,precio_facturacion,0.67,"{'traslado_cobertura': 0.0, 'competencia': 0.0, 'servicios_no_usados': 0.0, 'otro': 0.0, 'falla_tecnica': 0.0, 'precio_facturacion': 0.72, 'situacion_economica': 0.28, 'atencion_servicio': 0.0}",baja,0.34,-0.415,0.48,0.3,0.191,jev-latest
398,competencia,0.46,"{'traslado_cobertura': 0.0, 'otro': 0.0, 'falla_tecnica': 0.46, 'servicios_no_usados': 0.0, 'competencia': 0.53, 'precio_facturacion': 0.0, 'atencion_servicio': 0.01, 'situacion_economica': 0.0}",alta,1.99,-0.98,0.9,0.82,0.22,jev-latest
399,otro,0.56,"{'servicios_no_usados': 0.02, 'traslado_cobertura': 0.0, 'precio_facturacion': 0.04, 'atencion_servicio': 0.01, 'situacion_economica': 0.06, 'falla_tecnica': 0.24, 'competencia': 0.01, 'otro': 0.62}",baja,0.31,-0.335,0.1,0.27,0.197,jev-latest
400,otro,0.99,"{'atencion_servicio': 0.0, 'falla_tecnica': 0.0, 'traslado_cobertura': 0.0, 'otro': 0.99, 'precio_facturacion': 0.0, 'servicios_no_usados': 0.01, 'competencia': 0.0, 'situacion_economica': 0.0}",baja,0.21,-0.1,0.09,0.09,0.24,jev-latest
401,precio_facturacion,0.99,"{'otro': 0.0, 'competencia': 0.0, 'servicios_no_usados': 0.01, 'falla_tecnica': 0.0, 'precio_facturacion': 0.99, 'traslado_cobertura': 0.0, 'situacion_economica': 0.0, 'atencion_servicio': 0.0}",alta,1.77,-0.92,0.11,0.7,0.224,jev-latest
402,atencion_servicio,0.66,"{'falla_tecnica': 0.0, 'situacion_economica': 0.01, 'otro': 0.02, 'precio_facturacion': 0.03, 'atencion_servicio': 0.71, 'competencia': 0.0, 'traslado_cobertura': 0.0, 'servicios_no_usados': 0.23}",alta,1.99,-0.985,0.49,0.93,0.221,jev-latest
403,precio_facturacion,0.79,"{'precio_facturacion': 0.83, 'servicios_no_usados': 0.0, 'falla_tecnica': 0.0, 'competencia': 0.1, 'traslado_cobertura': 0.0, 'atencion_servicio': 0.0, 'situacion_economica': 0.07, 'otro': 0.0}",alta,1.59,-0.685,0.95,0.38,0.231,jev-latest
404,otro,0.77,"{'precio_facturacion': 0.0, 'servicios_no_usados': 0.0, 'falla_tecnica': 0.0, 'competencia': 0.0, 'traslado_cobertura': 0.14, 'atencion_servicio': 0.01, 'situacion_economica': 0.04, 'otro': 0.8}",media,1.0,-0.895,0.32,0.21,0.21,jev-latest
405,competencia,0.29,"{'otro': 0.34, 'competencia': 0.39, 'servicios_no_usados': 0.0, 'falla_tecnica': 0.25, 'precio_facturacion': 0.0, 'traslado_cobertura': 0.0, 'situacion_economica': 0.0, 'atencion_servicio': 0.02}",media,1.11,-0.655,0.37,0.23,0.195,jev-latest
406,otro,0.61,"{'servicios_no_usados': 0.01, 'competencia': 0.0, 'traslado_cobertura': 0.0, 'otro': 0.66, 'atencion_servicio': 0.02, 'falla_tecnica': 0.04, 'situacion_economica': 0.01, 'precio_facturacion': 0.26}",media,1.13,-0.745,0.13,0.22,0.23,jev-latest
407,otro,0.81,"{'atencion_servicio': 0.0, 'competencia': 0.0, 'situacion_economica': 0.05, 'traslado_cobertura': 0.0, 'otro': 0.85, 'precio_facturacion': 0.1, 'servicios_no_usados': 0.0, 'falla_tecnica': 0.0}",media,0.98,-0.825,0.38,0.1,0.279,jev-latest
408,otro,0.97,"{'atencion_servicio': 0.0, 'otro': 0.98, 'competencia': 0.0, 'falla_tecnica': 0.0, 'traslado_cobertura': 0.0, 'situacion_economica': 0.0, 'precio_facturacion': 0.02, 'servicios_no_usados': 0.0}",media,0.54,0.055,0.24,0.12,0.254,jev-latest
409,precio_facturacion,0.39,"{'traslado_cobertura': 0.02, 'competencia': 0.01, 'servicios_no_usados': 0.01, 'otro': 0.35, 'falla_tecnica': 0.08, 'precio_facturacion': 0.47, 'situacion_economica': 0.04, 'atencion_servicio': 0.02}",media,1.49,-0.455,0.09,0.49,0.213,jev-latest
410,situacion_economica,0.43,"{'competencia': 0.0, 'situacion_economica': 0.49, 'atencion_servicio': 0.01, 'otro': 0.11, 'servicios_no_usados': 0.17, 'precio_facturacion': 0.2, 'falla_tecnica': 0.01, 'traslado_cobertura': 0.01}",alta,1.99,-0.73,0.16,0.78,0.273,jev-latest
411,precio_facturacion,0.98,"{'situacion_economica': 0.01, 'servicios_no_usados': 0.0, 'otro': 0.0, 'traslado_cobertura': 0.0, 'atencion_servicio': 0.0, 'precio_facturacion': 0.99, 'competencia': 0.0, 'falla_tecnica': 0.0}",media,0.71,-0.71,0.19,0.53,0.264,jev-latest
412,otro,0.8,"{'competencia': 0.01, 'situacion_economica': 0.01, 'atencion_servicio': 0.06, 'otro': 0.82, 'servicios_no_usados': 0.01, 'precio_facturacion': 0.03, 'falla_tecnica': 0.05, 'traslado_cobertura': 0.01}",media,0.75,-0.62,0.23,0.54,0.227,jev-latest
413,otro,0.86,"{'precio_facturacion': 0.04, 'situacion_economica': 0.07, 'atencion_servicio': 0.0, 'servicios_no_usados': 0.0, 'traslado_cobertura': 0.0, 'falla_tecnica': 0.0, 'otro': 0.89, 'competencia': 0.0}",baja,0.07,0.125,0.09,0.37,0.195,jev-latest
414,servicios_no_usados,0.96,"{'situacion_economica': 0.0, 'traslado_cobertura': 0.0, 'precio_facturacion': 0.03, 'servicios_no_usados': 0.97, 'falla_tecnica': 0.0, 'atencion_servicio': 0.0, 'otro': 0.0, 'competencia': 0.0}",alta,2.0,-0.905,0.33,0.92,0.266,jev-latest
415,otro,0.99,"{'atencion_servicio': 0.0, 'competencia': 0.0, 'situacion_economica': 0.01, 'traslado_cobertura': 0.0, 'falla_tecnica': 0.0, 'precio_facturacion': 0.0, 'otro': 0.99, 'servicios_no_usados': 0.0}",alta,1.85,0.025,0.07,0.05,0.239,jev-latest
416,otro,1.0,"{'otro': 1.0, 'falla_tecnica': 0.0, 'servicios_no_usados': 0.0, 'competencia': 0.0, 'precio_facturacion': 0.0, 'traslado_cobertura': 0.0, 'situacion_economica': 0.0, 'atencion_servicio': 0.0}",baja,0.14,-0.515,0.11,0.09,0.227,jev-latest
417,otro,0.82,"{'precio_facturacion': 0.0, 'traslado_cobertura': 0.01, 'falla_tecnica': 0.06, 'atencion_servicio': 0.02, 'competencia': 0.03, 'situacion_economica': 0.0, 'otro': 0.83, 'servicios_no_usados': 0.05}",baja,0.35,-0.105,0.15,0.32,0.224,jev-latest
418,otro,0.65,"{'atencion_servicio': 0.01, 'otro': 0.7, 'competencia': 0.03, 'falla_tecnica': 0.03, 'traslado_cobertura': 0.0, 'situacion_economica': 0.0, 'precio_facturacion': 0.19, 'servicios_no_usados': 0.04}",baja,0.22,-0.08,0.11,0.32,0.194,jev-latest
419,falla_tecnica,0.26,"{'competencia': 0.01, 'atencion_servicio': 0.09, 'situacion_economica': 0.1, 'falla_tecnica': 0.37, 'traslado_cobertura': 0.0, 'otro': 0.34, 'precio_facturacion': 0.07, 'servicios_no_usados': 0.02}",baja,0.32,-0.41,0.15,0.56,0.247,jev-latest
420,precio_facturacion,0.55,"{'traslado_cobertura': 0.0, 'atencion_servicio': 0.0, 'situacion_economica': 0.01, 'competencia': 0.0, 'precio_facturacion': 0.62, 'servicios_no_usados': 0.07, 'falla_tecnica': 0.0, 'otro': 0.3}",baja,0.17,-0.65,0.1,0.32,0.27,jev-latest
421,falla_tecnica,0.67,"{'traslado_cobertura': 0.0, 'competencia': 0.0, 'servicios_no_usados': 0.0, 'falla_tecnica': 0.72, 'otro': 0.0, 'precio_facturacion': 0.0, 'situacion_economica': 0.0, 'atencion_servicio': 0.28}",alta,2.0,-1.0,0.83,0.97,0.206,jev-latest
422,traslado_cobertura,0.86,"{'traslado_cobertura': 0.88, 'otro': 0.0, 'competencia': 0.01, 'atencion_servicio': 0.11, 'precio_facturacion': 0.0, 'situacion_economica': 0.0, 'falla_tecnica': 0.0, 'servicios_no_usados': 0.0}",alta,1.99,-0.995,0.91,0.9,0.225,jev-latest
423,traslado_cobertura,1.0,"{'atencion_servicio': 0.0, 'precio_facturacion': 0.0, 'competencia': 0.0, 'traslado_cobertura': 1.0, 'falla_tecnica': 0.0, 'otro': 0.0, 'situacion_economica': 0.0, 'servicios_no_usados': 0.0}",alta,1.86,-0.055,0.57,0.11,0.194,jev-latest
424,precio_facturacion,1.0,"{'precio_facturacion': 1.0, 'situacion_economica': 0.0, 'otro': 0.0, 'falla_tecnica': 0.0, 'traslado_cobertura': 0.0, 'competencia': 0.0, 'servicios_no_usados': 0.0, 'atencion_servicio': 0.0}",media,0.71,-0.585,0.1,0.21,0.192,jev-latest
425,precio_facturacion,0.25,"{'situacion_economica': 0.0, 'otro': 0.17, 'competencia': 0.0, 'atencion_servicio': 0.34, 'precio_facturacion': 0.34, 'traslado_cobertura': 0.04, 'falla_tecnica': 0.07, 'servicios_no_usados': 0.03}",alta,1.94,-0.84,0.1,0.71,0.201,jev-latest
426,otro,0.99,"{'falla_tecnica': 0.0, 'situacion_economica': 0.0, 'competencia': 0.0, 'atencion_servicio': 0.0, 'otro': 1.0, 'precio_facturacion': 0.0, 'traslado_cobertura': 0.0, 'servicios_no_usados': 0.0}",alta,1.68,-0.09,0.45,0.19,0.238,jev-latest
427,falla_tecnica,0.41,"{'traslado_cobertura': 0.41, 'competencia': 0.02, 'servicios_no_usados': 0.0, 'otro': 0.05, 'falla_tecnica': 0.48, 'precio_facturacion': 0.03, 'situacion_economica': 0.0, 'atencion_servicio': 0.01}",alta,1.69,-0.76,0.39,0.61,0.188,jev-latest
428,servicios_no_usados,1.0,"{'situacion_economica': 0.0, 'servicios_no_usados': 1.0, 'otro': 0.0, 'traslado_cobertura': 0.0, 'atencion_servicio': 0.0, 'precio_facturacion': 0.0, 'competencia': 0.0, 'falla_tecnica': 0.0}",media,1.32,-0.4,0.1,0.21,0.211,jev-latest
429,precio_facturacion,0.66,"{'atencion_servicio': 0.01, 'competencia': 0.02, 'situacion_economica': 0.0, 'traslado_cobertura': 0.0, 'otro': 0.22, 'precio_facturacion': 0.71, 'falla_tecnica': 0.0, 'servicios_no_usados': 0.04}",baja,0.35,-0.745,0.16,0.26,0.186,jev-latest
430,otro,0.97,"{'precio_facturacion': 0.0, 'situacion_economica': 0.0, 'servicios_no_usados': 0.01, 'atencion_servicio': 0.0, 'traslado_cobertura': 0.01, 'falla_tecnica': 0.0, 'otro': 0.98, 'competencia': 0.0}",media,1.18,0.07,0.26,0.17,0.241,jev-latest
431,precio_facturacion,1.0,"{'traslado_cobertura': 0.0, 'precio_facturacion': 1.0, 'falla_tecnica': 0.0, 'otro': 0.0, 'atencion_servicio': 0.0, 'servicios_no_usados': 0.0, 'competencia': 0.0, 'situacion_economica': 0.0}",media,0.8,-0.725,0.17,0.54,0.208,jev-latest
432,servicios_no_usados,0.74,"{'atencion_servicio': 0.03, 'competencia': 0.02, 'situacion_economica': 0.0, 'traslado_cobertura': 0.04, 'otro': 0.03, 'precio_facturacion': 0.01, 'servicios_no_usados': 0.78, 'falla_tecnica': 0.09}",media,1.34,-0.68,0.34,0.52,0.183,jev-latest
433,precio_facturacion,0.44,"{'falla_tecnica': 0.0, 'competencia': 0.0, 'traslado_cobertura': 0.0, 'otro': 0.0, 'servicios_no_usados': 0.42, 'atencion_servicio': 0.06, 'precio_facturacion': 0.52, 'situacion_economica': 0.0}",alta,2.0,-1.0,0.14,0.96,0.207,jev-latest
434,falla_tecnica,0.46,"{'situacion_economica': 0.21, 'competencia': 0.23, 'servicios_no_usados': 0.0, 'falla_tecnica': 0.53, 'precio_facturacion': 0.03, 'traslado_cobertura': 0.0, 'otro': 0.0, 'atencion_servicio': 0.0}",media,1.26,0.095,0.79,0.57,0.196,jev-latest
435,competencia,0.86,"{'atencion_servicio': 0.01, 'falla_tecnica': 0.0, 'traslado_cobertura': 0.0, 'otro': 0.01, 'precio_facturacion': 0.11, 'servicios_no_usados': 0.0, 'competencia': 0.87, 'situacion_economica': 0.0}",alta,1.69,-0.94,0.76,0.56,0.209,jev-latest
436,atencion_servicio,0.89,"{'situacion_economica': 0.0, 'falla_tecnica': 0.0, 'competencia': 0.09, 'atencion_servicio': 0.91, 'precio_facturacion': 0.0, 'traslado_cobertura': 0.0, 'otro': 0.0, 'servicios_no_usados': 0.0}",alta,1.78,-0.715,0.71,0.8,0.193,jev-latest
437,otro,0.62,"{'competencia': 0.0, 'traslado_cobertura': 0.04, 'falla_tecnica': 0.01, 'servicios_no_usados': 0.05, 'otro': 0.67, 'situacion_economica': 0.13, 'atencion_servicio': 0.0, 'precio_facturacion': 0.1}",alta,1.65,-0.64,0.1,0.19,0.181,jev-latest
438,otro,0.99,"{'servicios_no_usados': 0.0, 'precio_facturacion': 0.0, 'competencia': 0.0, 'falla_tecnica': 0.0, 'traslado_cobertura': 0.0, 'atencion_servicio': 0.0, 'situacion_economica': 0.0, 'otro': 1.0}",baja,0.4,-0.035,0.4,0.24,0.242,jev-latest
439,servicios_no_usados,1.0,"{'falla_tecnica': 0.0, 'otro': 0.0, 'servicios_no_usados': 1.0, 'situacion_economica': 0.0, 'precio_facturacion': 0.0, 'atencion_servicio': 0.0, 'competencia': 0.0, 'traslado_cobertura': 0.0}",alta,1.96,-0.065,0.14,0.29,0.202,jev-latest
440,traslado_cobertura,0.84,"{'competencia': 0.0, 'traslado_cobertura': 0.87, 'servicios_no_usados': 0.07, 'falla_tecnica': 0.0, 'situacion_economica': 0.0, 'otro': 0.0, 'atencion_servicio': 0.06, 'precio_facturacion': 0.0}",alta,2.0,-0.995,0.58,0.94,0.186,jev-latest
441,precio_facturacion,0.95,"{'servicios_no_usados': 0.0, 'competencia': 0.0, 'traslado_cobertura': 0.0, 'otro': 0.0, 'falla_tecnica': 0.0, 'atencion_servicio': 0.0, 'situacion_economica': 0.04, 'precio_facturacion': 0.96}",media,0.74,-0.935,0.4,0.38,0.191,jev-latest
442,servicios_no_usados,0.8,"{'situacion_economica': 0.0, 'servicios_no_usados': 0.83, 'otro': 0.0, 'traslado_cobertura': 0.0, 'atencion_servicio': 0.0, 'falla_tecnica': 0.0, 'competencia': 0.0, 'precio_facturacion': 0.17}",alta,1.72,-0.715,0.3,0.16,0.25,jev-latest
443,otro,0.85,"{'otro': 0.87, 'falla_tecnica': 0.01, 'servicios_no_usados': 0.04, 'competencia': 0.01, 'precio_facturacion': 0.01, 'traslado_cobertura': 0.0, 'situacion_economica': 0.03, 'atencion_servicio': 0.03}",media,0.61,-0.605,0.27,0.22,0.213,jev-latest
444,servicios_no_usados,0.61,"{'falla_tecnica': 0.02, 'precio_facturacion': 0.01, 'otro': 0.12, 'traslado_cobertura': 0.03, 'servicios_no_usados': 0.67, 'atencion_servicio': 0.15, 'competencia': 0.0, 'situacion_economica': 0.0}",alta,1.93,-0.935,0.13,0.66,0.185,jev-latest
445,situacion_economica,0.63,"{'precio_facturacion': 0.05, 'servicios_no_usados': 0.01, 'falla_tecnica': 0.01, 'competencia': 0.0, 'traslado_cobertura': 0.01, 'atencion_servicio': 0.06, 'situacion_economica': 0.67, 'otro': 0.19}",baja,0.33,-0.785,0.09,0.66,0.205,jev-latest
446,otro,1.0,"{'atencion_servicio': 0.0, 'competencia': 0.0, 'situacion_economica': 0.0, 'servicios_no_usados': 0.0, 'otro': 1.0, 'precio_facturacion': 0.0, 'traslado_cobertura': 0.0, 'falla_tecnica': 0.0}",media,1.49,-0.245,0.38,0.17,0.195,jev-latest
447,precio_facturacion,1.0,"{'otro': 0.0, 'competencia': 0.0, 'situacion_economica': 0.0, 'atencion_servicio': 0.0, 'precio_facturacion': 1.0, 'traslado_cobertura': 0.0, 'falla_tecnica': 0.0, 'servicios_no_usados': 0.0}",alta,1.9,-0.61,0.11,0.66,0.206,jev-latest
448,precio_facturacion,0.97,"{'situacion_economica': 0.0, 'servicios_no_usados': 0.03, 'otro': 0.0, 'traslado_cobertura': 0.0, 'atencion_servicio': 0.0, 'precio_facturacion': 0.97, 'competencia': 0.0, 'falla_tecnica': 0.0}",media,0.87,-0.575,0.37,0.79,0.274,jev-latest
449,precio_facturacion,0.41,"{'falla_tecnica': 0.01, 'otro': 0.03, 'traslado_cobertura': 0.24, 'servicios_no_usados': 0.1, 'competencia': 0.0, 'precio_facturacion': 0.48, 'atencion_servicio': 0.01, 'situacion_economica': 0.13}",alta,1.9,-0.575,0.38,0.25,0.202,jev-latest
450,competencia,0.98,"{'atencion_servicio': 0.0, 'competencia': 0.99, 'situacion_economica': 0.0, 'traslado_cobertura': 0.0, 'otro': 0.0, 'precio_facturacion': 0.0, 'servicios_no_usados': 0.0, 'falla_tecnica': 0.01}",alta,1.73,-0.52,0.88,0.53,0.206,jev-latest
451,otro,1.0,"{'atencion_servicio': 0.0, 'falla_tecnica': 0.0, 'precio_facturacion': 0.0, 'servicios_no_usados': 0.0, 'otro': 1.0, 'situacion_economica': 0.0, 'traslado_cobertura': 0.0, 'competencia': 0.0}",baja,0.08,-0.025,0.3,0.19,0.205,jev-latest
452,otro,1.0,"{'traslado_cobertura': 0.0, 'precio_facturacion': 0.0, 'competencia': 0.0, 'situacion_economica': 0.0, 'servicios_no_usados': 0.0, 'atencion_servicio': 0.0, 'falla_tecnica': 0.0, 'otro': 1.0}",baja,0.14,-0.065,0.34,0.1,0.256,jev-latest
453,servicios_no_usados,0.79,"{'falla_tecnica': 0.0, 'atencion_servicio': 0.0, 'servicios_no_usados': 0.81, 'traslado_cobertura': 0.0, 'precio_facturacion': 0.11, 'competencia': 0.01, 'otro': 0.04, 'situacion_economica': 0.02}",media,1.14,-0.685,0.19,0.16,0.216,jev-latest
454,otro,0.67,"{'situacion_economica': 0.0, 'competencia': 0.0, 'servicios_no_usados': 0.28, 'falla_tecnica': 0.0, 'precio_facturacion': 0.0, 'traslado_cobertura': 0.0, 'otro': 0.72, 'atencion_servicio': 0.0}",alta,1.74,-0.74,0.17,0.1,0.232,jev-latest
455,precio_facturacion,1.0,"{'falla_tecnica': 0.0, 'servicios_no_usados': 0.0, 'otro': 0.0, 'precio_facturacion': 1.0, 'situacion_economica': 0.0, 'atencion_servicio': 0.0, 'competencia': 0.0, 'traslado_cobertura': 0.0}",alta,1.86,-0.6,0.18,0.19,0.187,jev-latest
456,otro,1.0,"{'precio_facturacion': 0.0, 'servicios_no_usados': 0.0, 'falla_tecnica': 0.0, 'competencia': 0.0, 'traslado_cobertura': 0.0, 'atencion_servicio': 0.0, 'situacion_economica': 0.0, 'otro': 1.0}",media,0.76,-0.785,0.13,0.16,0.189,jev-latest
457,otro,1.0,"{'atencion_servicio': 0.0, 'competencia': 0.0, 'situacion_economica': 0.0, 'traslado_cobertura': 0.0, 'falla_tecnica': 0.0, 'precio_facturacion': 0.0, 'otro': 1.0, 'servicios_no_usados': 0.0}",baja,0.38,-0.245,0.3,0.12,0.224,jev-latest
458,atencion_servicio,0.37,"{'falla_tecnica': 0.37, 'competencia': 0.0, 'traslado_cobertura': 0.01, 'situacion_economica': 0.0, 'otro': 0.16, 'atencion_servicio': 0.46, 'precio_facturacion': 0.0, 'servicios_no_usados': 0.0}",baja,0.35,-0.685,0.08,0.63,0.191,jev-latest
459,competencia,0.72,"{'otro': 0.0, 'falla_tecnica': 0.05, 'servicios_no_usados': 0.18, 'competencia': 0.76, 'precio_facturacion': 0.0, 'traslado_cobertura': 0.0, 'situacion_economica': 0.0, 'atencion_servicio': 0.01}",alta,2.0,-0.995,0.82,0.81,0.188,jev-latest
460,precio_facturacion,0.94,"{'otro': 0.0, 'falla_tecnica': 0.0, 'precio_facturacion': 0.96, 'atencion_servicio': 0.0, 'traslado_cobertura': 0.0, 'situacion_economica': 0.0, 'competencia': 0.0, 'servicios_no_usados': 0.04}",alta,1.57,-0.995,0.48,0.79,0.2,jev-latest
461,traslado_cobertura,0.59,"{'otro': 0.01, 'falla_tecnica': 0.0, 'precio_facturacion': 0.13, 'atencion_servicio': 0.15, 'traslado_cobertura': 0.64, 'competencia': 0.0, 'situacion_economica': 0.0, 'servicios_no_usados': 0.07}",alta,1.9,-0.95,0.7,0.54,0.2,jev-latest
462,situacion_economica,0.46,"{'precio_facturacion': 0.01, 'situacion_economica': 0.53, 'servicios_no_usados': 0.07, 'atencion_servicio': 0.01, 'traslado_cobertura': 0.16, 'falla_tecnica': 0.0, 'otro': 0.2, 'competencia': 0.01}",media,0.89,-0.775,0.38,0.34,0.194,jev-latest
463,precio_facturacion,0.91,"{'precio_facturacion': 0.93, 'situacion_economica': 0.0, 'servicios_no_usados': 0.0, 'atencion_servicio': 0.0, 'traslado_cobertura': 0.07, 'falla_tecnica': 0.0, 'otro': 0.0, 'competencia': 0.0}",media,1.38,0.11,0.19,0.75,0.204,jev-latest
464,traslado_cobertura,0.86,"{'falla_tecnica': 0.0, 'situacion_economica': 0.0, 'precio_facturacion': 0.0, 'atencion_servicio': 0.02, 'competencia': 0.03, 'traslado_cobertura': 0.88, 'otro': 0.04, 'servicios_no_usados': 0.03}",alta,1.85,-0.615,0.55,0.42,0.214,jev-latest
465,otro,0.94,"{'atencion_servicio': 0.01, 'otro': 0.96, 'situacion_economica': 0.0, 'falla_tecnica': 0.01, 'traslado_cobertura': 0.02, 'competencia': 0.0, 'precio_facturacion': 0.0, 'servicios_no_usados': 0.0}",baja,0.47,-0.66,0.1,0.33,0.225,jev-latest
466,otro,0.96,"{'atencion_servicio': 0.0, 'precio_facturacion': 0.0, 'competencia': 0.01, 'traslado_cobertura': 0.0, 'falla_tecnica': 0.0, 'otro': 0.97, 'situacion_economica': 0.02, 'servicios_no_usados': 0.0}",baja,0.26,0.095,0.1,0.14,0.186,jev-latest
467,precio_facturacion,0.78,"{'servicios_no_usados': 0.05, 'precio_facturacion': 0.8, 'traslado_cobertura': 0.0, 'falla_tecnica': 0.01, 'situacion_economica': 0.09, 'atencion_servicio': 0.03, 'competencia': 0.01, 'otro': 0.01}",baja,0.5,-0.92,0.18,0.66,0.276,jev-latest
468,otro,0.94,"{'falla_tecnica': 0.0, 'competencia': 0.03, 'traslado_cobertura': 0.0, 'servicios_no_usados': 0.01, 'situacion_economica': 0.01, 'atencion_servicio': 0.0, 'precio_facturacion': 0.01, 'otro': 0.94}",media,0.61,0.04,0.47,0.21,0.249,jev-latest
469,otro,0.88,"{'falla_tecnica': 0.0, 'servicios_no_usados': 0.05, 'otro': 0.9, 'precio_facturacion': 0.04, 'situacion_economica': 0.0, 'competencia': 0.0, 'atencion_servicio': 0.01, 'traslado_cobertura': 0.0}",media,0.81,-0.695,0.15,0.6,0.234,jev-latest
470,otro,0.95,"{'competencia': 0.0, 'otro': 0.96, 'traslado_cobertura': 0.02, 'situacion_economica': 0.0, 'precio_facturacion': 0.0, 'atencion_servicio': 0.0, 'servicios_no_usados': 0.02, 'falla_tecnica': 0.0}",alta,1.96,-0.475,0.32,0.76,0.247,jev-latest
471,otro,0.8,"{'precio_facturacion': 0.15, 'servicios_no_usados': 0.0, 'falla_tecnica': 0.0, 'competencia': 0.0, 'traslado_cobertura': 0.0, 'atencion_servicio': 0.0, 'situacion_economica': 0.01, 'otro': 0.84}",baja,0.46,-0.43,0.24,0.08,0.198,jev-latest
472,falla_tecnica,1.0,"{'traslado_cobertura': 0.0, 'competencia': 0.0, 'servicios_no_usados': 0.0, 'falla_tecnica': 1.0, 'otro': 0.0, 'precio_facturacion': 0.0, 'situacion_economica': 0.0, 'atencion_servicio': 0.0}",alta,2.0,-1.0,0.1,0.95,0.202,jev-latest
473,precio_facturacion,0.97,"{'traslado_cobertura': 0.0, 'competencia': 0.0, 'servicios_no_usados': 0.02, 'falla_tecnica': 0.0, 'otro': 0.0, 'precio_facturacion': 0.97, 'situacion_economica': 0.0, 'atencion_servicio': 0.01}",alta,1.98,-0.98,0.48,0.95,0.207,jev-latest
474,precio_facturacion,1.0,"{'traslado_cobertura': 0.0, 'precio_facturacion': 1.0, 'falla_tecnica': 0.0, 'otro': 0.0, 'servicios_no_usados': 0.0, 'atencion_servicio': 0.0, 'competencia': 0.0, 'situacion_economica': 0.0}",alta,1.84,-0.83,0.16,0.21,0.197,jev-latest
475,situacion_economica,1.0,"{'situacion_economica': 1.0, 'traslado_cobertura': 0.0, 'precio_facturacion': 0.0, 'servicios_no_usados': 0.0, 'falla_tecnica': 0.0, 'atencion_servicio': 0.0, 'otro': 0.0, 'competencia': 0.0}",media,1.32,-0.675,0.1,0.43,0.215,jev-latest
476,falla_tecnica,0.77,"{'precio_facturacion': 0.0, 'situacion_economica': 0.0, 'otro': 0.18, 'atencion_servicio': 0.02, 'competencia': 0.0, 'traslado_cobertura': 0.0, 'falla_tecnica': 0.79, 'servicios_no_usados': 0.01}",baja,0.26,0.295,0.06,0.15,0.213,jev-latest
477,traslado_cobertura,0.5,"{'falla_tecnica': 0.0, 'precio_facturacion': 0.04, 'otro': 0.04, 'traslado_cobertura': 0.56, 'atencion_servicio': 0.01, 'servicios_no_usados': 0.35, 'competencia': 0.0, 'situacion_economica': 0.0}",alta,1.71,-0.73,0.38,0.39,0.191,jev-latest
478,otro,0.74,"{'servicios_no_usados': 0.01, 'atencion_servicio': 0.0, 'situacion_economica': 0.0, 'falla_tecnica': 0.0, 'precio_facturacion': 0.22, 'otro': 0.77, 'traslado_cobertura': 0.0, 'competencia': 0.0}",alta,1.89,0.205,0.31,0.19,0.199,jev-latest
479,otro,1.0,"{'traslado_cobertura': 0.0, 'competencia': 0.0, 'servicios_no_usados': 0.0, 'otro': 1.0, 'falla_tecnica': 0.0, 'precio_facturacion': 0.0, 'situacion_economica': 0.0, 'atencion_servicio': 0.0}",media,0.73,-0.11,0.27,0.13,0.194,jev-latest
480,otro,1.0,"{'competencia': 0.0, 'atencion_servicio': 0.0, 'situacion_economica': 0.0, 'falla_tecnica': 0.0, 'precio_facturacion': 0.0, 'otro': 1.0, 'traslado_cobertura': 0.0, 'servicios_no_usados': 0.0}",baja,0.0,0.345,0.06,0.04,0.184,jev-latest
481,otro,1.0,"{'atencion_servicio': 0.0, 'otro': 1.0, 'competencia': 0.0, 'falla_tecnica': 0.0, 'traslado_cobertura': 0.0, 'situacion_economica': 0.0, 'precio_facturacion': 0.0, 'servicios_no_usados': 0.0}",media,1.33,0.0,0.2,0.47,0.226,jev-latest
482,competencia,0.96,"{'atencion_servicio': 0.0, 'otro': 0.0, 'situacion_economica': 0.0, 'falla_tecnica': 0.0, 'traslado_cobertura': 0.0, 'competencia': 0.96, 'precio_facturacion': 0.0, 'servicios_no_usados': 0.04}",alta,2.0,-0.88,0.96,0.91,0.232,jev-latest
483,precio_facturacion,0.61,"{'competencia': 0.0, 'situacion_economica': 0.0, 'atencion_servicio': 0.01, 'otro': 0.0, 'servicios_no_usados': 0.33, 'precio_facturacion': 0.66, 'falla_tecnica': 0.0, 'traslado_cobertura': 0.0}",media,0.96,-0.8,0.11,0.3,0.257,jev-latest
484,competencia,0.8,"{'atencion_servicio': 0.01, 'falla_tecnica': 0.0, 'precio_facturacion': 0.04, 'servicios_no_usados': 0.12, 'otro': 0.0, 'situacion_economica': 0.0, 'traslado_cobertura': 0.0, 'competencia': 0.83}",alta,2.0,-0.7,0.89,0.44,0.204,jev-latest
485,atencion_servicio,0.81,"{'situacion_economica': 0.0, 'falla_tecnica': 0.01, 'atencion_servicio': 0.83, 'competencia': 0.0, 'otro': 0.15, 'precio_facturacion': 0.0, 'servicios_no_usados': 0.01, 'traslado_cobertura': 0.0}",media,0.82,-0.64,0.16,0.83,0.21,jev-latest
486,competencia,0.35,"{'servicios_no_usados': 0.06, 'precio_facturacion': 0.07, 'competencia': 0.43, 'falla_tecnica': 0.22, 'traslado_cobertura': 0.05, 'atencion_servicio': 0.07, 'situacion_economica': 0.0, 'otro': 0.1}",media,0.87,-0.685,0.64,0.65,0.236,jev-latest
487,atencion_servicio,0.55,"{'atencion_servicio': 0.61, 'otro': 0.0, 'situacion_economica': 0.0, 'falla_tecnica': 0.39, 'traslado_cobertura': 0.0, 'competencia': 0.0, 'precio_facturacion': 0.0, 'servicios_no_usados': 0.0}",media,0.54,-0.995,0.07,0.83,0.245,jev-latest
488,otro,1.0,"{'precio_facturacion': 0.0, 'servicios_no_usados': 0.0, 'falla_tecnica': 0.0, 'competencia': 0.0, 'traslado_cobertura': 0.0, 'atencion_servicio': 0.0, 'situacion_economica': 0.0, 'otro': 1.0}",media,1.42,-0.505,0.13,0.11,0.188,jev-latest
489,otro,0.9,"{'precio_facturacion': 0.08, 'situacion_economica': 0.0, 'falla_tecnica': 0.0, 'otro': 0.92, 'traslado_cobertura': 0.0, 'competencia': 0.0, 'servicios_no_usados': 0.0, 'atencion_servicio': 0.0}",media,0.62,-0.28,0.21,0.21,0.22,jev-latest
490,precio_facturacion,1.0,"{'falla_tecnica': 0.0, 'otro': 0.0, 'servicios_no_usados': 0.0, 'situacion_economica': 0.0, 'precio_facturacion': 1.0, 'atencion_servicio': 0.0, 'competencia': 0.0, 'traslado_cobertura': 0.0}",media,1.41,-0.89,0.18,0.75,0.203,jev-latest
491,otro,1.0,"{'falla_tecnica': 0.0, 'otro': 1.0, 'servicios_no_usados': 0.0, 'situacion_economica': 0.0, 'precio_facturacion': 0.0, 'atencion_servicio': 0.0, 'competencia': 0.0, 'traslado_cobertura': 0.0}",media,1.28,0.485,0.17,0.09,0.228,jev-latest
492,situacion_economica,0.39,"{'otro': 0.06, 'precio_facturacion': 0.08, 'falla_tecnica': 0.0, 'atencion_servicio': 0.08, 'traslado_cobertura': 0.29, 'situacion_economica': 0.47000000000000003, 'competencia': 0.0, 'servicios_no_usados': 0.02}",alta,1.98,-0.82,0.32,0.75,0.209,jev-latest
493,falla_tecnica,0.75,"{'otro': 0.0, 'falla_tecnica': 0.79, 'servicios_no_usados': 0.0, 'competencia': 0.0, 'precio_facturacion': 0.21, 'traslado_cobertura': 0.0, 'situacion_economica': 0.0, 'atencion_servicio': 0.0}",media,1.44,-0.645,0.28,0.79,0.248,jev-latest
494,precio_facturacion,0.99,"{'falla_tecnica': 0.0, 'atencion_servicio': 0.0, 'servicios_no_usados': 0.01, 'traslado_cobertura': 0.0, 'precio_facturacion': 0.98, 'competencia': 0.0, 'otro': 0.0, 'situacion_economica': 0.01}",alta,1.55,-0.725,0.24,0.43,0.199,jev-latest
495,otro,0.68,"{'precio_facturacion': 0.0, 'servicios_no_usados': 0.01, 'falla_tecnica': 0.0, 'competencia': 0.0, 'traslado_cobertura': 0.27, 'atencion_servicio': 0.0, 'situacion_economica': 0.0, 'otro': 0.72}",baja,0.01,0.38,0.33,0.14,0.231,jev-latest
496,competencia,0.99,"{'situacion_economica': 0.0, 'servicios_no_usados': 0.0, 'otro': 0.0, 'traslado_cobertura': 0.0, 'atencion_servicio': 0.0, 'precio_facturacion': 0.0, 'competencia': 0.99, 'falla_tecnica': 0.01}",media,1.45,-0.63,0.88,0.29,0.188,jev-latest
497,precio_facturacion,0.52,"{'atencion_servicio': 0.0, 'falla_tecnica': 0.01, 'traslado_cobertura': 0.0, 'otro': 0.36, 'precio_facturacion': 0.59, 'servicios_no_usados': 0.04, 'competencia': 0.0, 'situacion_economica': 0.0}",baja,0.15,0.285,0.06,0.1,0.208,jev-latest
498,otro,0.91,"{'precio_facturacion': 0.07, 'servicios_no_usados': 0.0, 'falla_tecnica': 0.0, 'competencia': 0.0, 'traslado_cobertura': 0.0, 'atencion_servicio': 0.0, 'situacion_economica': 0.0, 'otro': 0.93}",media,1.36,-0.065,0.28,0.07,0.181,jev-latest
499,precio_facturacion,0.8,"{'servicios_no_usados': 0.02, 'competencia': 0.0, 'traslado_cobertura': 0.0, 'otro': 0.14, 'falla_tecnica': 0.0, 'atencion_servicio': 0.0, 'situacion_economica': 0.01, 'precio_facturacion': 0.83}",media,1.27,-0.065,0.12,0.18,0.191,jev-latest
500,precio_facturacion,0.66,"{'traslado_cobertura': 0.0, 'otro': 0.0, 'falla_tecnica': 0.16, 'servicios_no_usados': 0.0, 'competencia': 0.13, 'precio_facturacion': 0.7, 'atencion_servicio': 0.0, 'situacion_economica': 0.01}",media,1.41,-0.845,0.81,0.61,0.231,jev-latest
